:10000000E04F0020A19F010001CA011001CA0110A8
:1000100001CA011001CA011001CA011001CA011070
:1000200001CA011001CA011001CA011001CA011060
:1000300001CA011001CA01103FCA0110EFF310807C
:1000400072B67047EFF3108062B670470138FDD189
:1000500070477047006800280CBF012000207047DF
:10006000006870470068704738B504460D4603F0D5
:10007000E0F900212960616869606168002914BFA6
:100080000D6025606560FFE7BDE8324003F0D3B93D
:100090000B684A68002B0CBF42605A604A680968C6
:1000A000002A0CBF0160116070470268531C036096
:1000B00011707047C2175040801AB0FA80F10AD010
:1000C0008840D1F19D01D20742EAC151020672F186
:1000D000004241EB102070474FF0807C1CEB400F3A
:1000E00094BF1CEB410F05E040EA010C1CEB0C0F28
:0C00F00001D28142704718BF884270475F
:100100003C0000000000000000000000340100007E
:1001100000000000000000000100000000000000DE
:1001200000000000000000000000000001000000CE
:100130000000000008000000000000003400000083
:100140000000000000000000680100000000000046
:10015000000000000100000000000000010000009D
:100160000000000000000000080000000000000087
:1001700030000000000000000000000098010000B6
:10018000040000000000000001000000FFFFFFFF6E
:10019000FF00000001000000080000000000000057
:1001A0002C0000000000000000000000C40100005E
:1001B000040000000000000001000000FFFFFFFF3E
:1001C000FFFFFFFF080000000000000034050000F2
:1001D000E401000099A1011095A70110A5C201102A
:1001E00009B2011045B80110000000000000000035
:1001F0002D000000280000000000000000000000AA
:10020000140200000000000000000000FFFFFFFFDC
:1002100000000000080000000000000030050000A1
:100220003002000069C201106DC101101FC201102F
:1002300095BA011000000000000000002F0000002F
:10024000300500005402000075C20110A9B601106B
:100250009DBF011049B60110000000000000000021
:10026000300000002400000000000000000000003A
:1002700080020000000000000000000000000000FC
:100280000800000000000000240000000000000042
:1002900000000000A40200000000000000000000B8
:1002A0000000000008000000000000002400000022
:1002B0000000000000000000C80200000000000074
:1002C0000100000000000000080000000000000025
:1002D00000000000FC0D00200400000000000000F1
:1002E000000000002000000070010000300000004D
:1002F0001C020000040E00200400000000000000AA
:10030000000000000C000000300400001800000095
:10031000400200000C0E002004000000000000005D
:100320000000000024000000480400001800000045
:1003300000000000140E0020040000000000000077
:100340000000000010000000A00100002C000000D0
:10035000CC0100001C0E0020040000000000000082
:1003600000000000200000006402000024000000E3
:10037000FFFFFFFF240E002004000000000000002B
:100380000000000028000000880200002400000097
:10039000FFFFFFFF2C0E0020040000000000000003
:1003A00000000000580000003C0100003400000084
:1003B000FFFFFFFF340E00200400000000000000DB
:1003C00000000000100000006004000018000000A1
:1003D000FFFFFFFF3C0E00200400000000000000B3
:1003E000000000001C000000AC020000240000001F
:1003F000FFFFFFFF440E002004000000000000008B
:100400000000000038000000F40100002800000097
:10041000FFFFFFFF4C0E0020040000000000000062
:100420000000000054000000000100003C0000003B
:100430001800000000000000000000004004000060
:10044000080000000000000018000000000000008C
:100450000000000058040000080000000000000038
:100460001800000000000000000000007004000000
:10047000080000000000000002000000FC9F0100D6
:030480002B00004E
:100484000100000000000E0000000F003200000018
:1004940001000000AC0D002000020000B99C010026
:1004A40001CA011000000000000000000800000064
:1004B40000002200180C002001000000C40D0020E0
:1004C400080000000000000005000000C405002032
:1004D400000000000000000001000000800C00206B
:1004E4000600000006000000FC03002000000000DD
:0C04F400000000000001000000000000FB
:100502002900010025002F0030002D0001000152BA
:10051200000104000000E09F010000000000000054
:100522000000000001000000030087C4011038052C
:10053200000038050000000000008000000080007C
:10054200000000000000C40D002079870100200097
:100552000000B89F01000C9D01000DC301100D3376
:1005620000000F33000099C801109BC80110000061
:10057200000082040000E89A0100009B0100D09A6A
:100582000100080009000100000001120001000042
:100592000000000000000000000000000000D33155
:1005A20000002F320000F7300000593200003F31C6
:1005B2000000153100007131000083320000F18625
:1005C20001007F88010083880100080000002400E8
:1005D20000001800000028000000200000003C007D
:1005E20000000C00000034000000DFF800F0C1C180
:1005F2000110DFF800F041AC0110DFF800F009B79C
:100602000110DFF800F0A9C50110DFF800F0CDA05D
:100612000110DFF800F049C10110DFF800F019C243
:100622000110DFF800F03DC10110DFF800F029AF42
:100632000110DFF800F061C20110DFF800F0E9C23A
:100642000110DFF800F0E1C20110DFF800F021B381
:100652000110DFF800F0CDC10110DFF800F085B025
:100662000110DFF800F099B20110DFF800F0DDB2FE
:100672000110DFF800F0F9BF0110DFF8940B016000
:100682000220FFF7E2BC2DE9F84304466568D4F87E
:10069200089005F1A806706958B3FFF7BAFF8046C3
:1006A200DFF8347B0020F8600421D9F80000FFF75E
:1006B200E4FF316801E08169716100226B682046C4
:1006C2009847022001F0DDF97069B1698842F2D1E0
:1006D2000020287230607061B0613860DFF8381B2A
:1006E2000860204600F079FD4046BDE8F243FFF77E
:1006F20094BFBDE8F183F8B584684668DFF81C0B47
:100702000568E90606F1A40720D5DFF8100B00689A
:10071200C10605D4DFF80C1B0A681378D90615D573
:10072200290713D5000705D4DFF8F80A01680A780B
:1007320010070BD5B86948B1DFF8ECCA0FF62431BF
:10074200BCF800000023CC22FFF75BFF386801F001
:10075200B3FEDFF8800A0021C16001600020DFF8EB
:10076200B41A0860606801F0B3F906F11000FFF7EF
:1007720060FF06F12C00FFF760FF06F16000FFF753
:1007820060FF307818B906F17C00FFF75AFF06F1D6
:10079200C80001F079FBFFF73CFF002186F8DC106E
:1007A200FFF73BFF00F0A8F980B1E9050ED500F094
:1007B2005AFB02D400F05CFB08D5206800F04DFB28
:1007C20025680FF6043300F090F9A847F1BD6FF0E9
:1007D200010070472DE9F84FDFF8501ADFF8504A50
:1007E20084B086680A684568306853689847074647
:1007F2000120E061FF20002F1CBF297AFF2940F071
:100802004681297A05F1A80739B101290CD00229BC
:1008120000F0C180FF2940F0388105F12C0005B0BD
:10082200BDE8F04FFFF711BFB868DFF8041ADFF830
:10083200F029401EB860D1F800B0D2F80080DFF88D
:10084200DC19DFF8D429D1F80090D2F800A058D0F2
:10085200DFF8E4090188ADF80C10080018D05FEA4F
:100862008A5115D55FEA895002D400F03AF90FD5C2
:100872003968DFF8C4E9087CDEF800C00FF66423AB
:10088200029078680178DFF89C09028800F03DF94F
:1008920078680178A1607868411C7960B96802299A
:1008A20018D23869B0B90021297205213068FFF7E2
:1008B200E4FEBDF80C00002813D05FEA8A511AD575
:1008C2005FEA895002D400F00CF914D531680FF6B2
:1008D2005823CFE030680121FFF7CFFEBDF80C00AE
:1008E200002800F0FB805FEA8A5104D55FEA895054
:1008F20003D400F0F6F840F1F18031680FF674236A
:10090200B8E03869002831D0022129723868017CA8
:10091200490041F00101216039693068022912D38E
:100922000B21FFF7AAFE00F0EBF871D05FEA8A51C3
:1009320071D55FEA895002D400F0D3F86BD53168E3
:100942000FF66C2396E00321FFF797FE00F0D8F82C
:100952005ED05FEA8A515ED55FEA895002D400F028
:10096200C0F858D531680FF69C2383E02872042121
:100972003068FFF782FE00F0C3F849D05FEA8A517F
:1009820049D55FEA895002D400F0ABF843D531680B
:100992000FF6CC236EE0A068F9680870DFF89408BF
:1009A200DFF88018D0F800B0DFF87408D1F80080C2
:1009B200D0F80090DFF86418DFF87C08D1F800A0C6
:1009C2000488BCB15FEA8A5014D55FEA895002D428
:1009D20000F087F80ED500210291F868DFF85CE894
:1009E2000178DFF84008DEF800C002880FF6BC2369
:1009F20000F08BF8F868411CF9603969491E3961C9
:100A0200306825D0022911D30921FFF736FE002CC8
:100A120064D05FEA8A5061D55FEA895002D400F05F
:100A220060F85BD531680FF6B82323E00121FFF7A8
:100A320024FE002C52D05FEA8A504FD55FEA8950DB
:100A420002D400F04EF849D531680FF6C82311E000
:100A520029720421FFF711FE002C3FD05FEA8A5071
:100A62003CD55FEA895002D400F03BF836D53168B4
:100A72000FF6D82300F0E1F8DFF8AC07DFF8C04743
:100A8200028825685846A84728E0287226E028727E
:100A9200F80604D505F12C00FFF7D7FD03E0306816
:100AA2000421FFF7EAFD00F027F8B8B100F0D0F911
:100AB20014D500F0D8F902D400F0DAF90ED50020EE
:100AC200029001973068DFF85C17DFF86C470A88FC
:100AD20025680FF6C02300F008F8A84705B0BDE866
:100AE200F08FB8F800008105704700904FF48071D4
:100AF200DFF8400700687047DFF83C170888704746
:100B0200DFF8341708880028704701915846316889
:100B120000914FF4007160472DE9FF410646DFF86E
:100B220014077568048804B3DFF8F01608688205B4
:100B32001BD5DFF8E8160868820505D4DFF8E4164D
:100B420008680288910510D5DFF8DC763A88B0682B
:100B5200DFF8E07601680FF66C2300F06EF8386873
:100B6200DFF8DC76D7F80080C047287A6B6805F199
:100B7200A807421E92413968D20F304698477869D9
:100B8200B96988421DD1002038607861022000F0E6
:100B920078FF002C48D000F03DFA45D500F031FA3C
:100BA20002D400F032FA3FD500F040F8DFF8904668
:100BB2001288006825680FF62C2300F03EF8A8473B
:100BC20032E080697861FCB1DFF850160A6893055B
:100BD2001AD5DFF848160A68930505D4DFF84416DB
:100BE2000A68138899050FD500210190029100F03F
:100BF2001DF8DFF8444612880068D4F800C00FF6EA
:100C0200142300F01AF8E0477969304600F036F90B
:100C120010F1010F08D10320287204B005F12C0055
:100C2200BDE8F041FFF711BDBDE8FF81B068DFF814
:100C3200F4250168DFF8FC05704700914FF400715C
:100C420070474068002180F8DC1070472DE9F847B2
:100C520081468FB0D9F80450D9F808608A46FFF768
:100C6200D8FC95F8DC10012902D1FFF7D6FC9DE0F3
:100C7200012185F8DC10FFF7D0FCDAF80C00D9F876
:100C82000810D9F80480002807BF0C7D4F7D047836
:100C92004778FF2C18BFFF2F6FD0DFF8A40540EA7A
:100CA20004010091384369464860FE20886008F1DB
:100CB200980001F099FB0028C8F8A4005DD00D222D
:100CC200214601F04FFCD8F8A4000E22394601F06B
:100CD20049FC9AF8000028700823DAF804006860DA
:100CE20030229AF80800E860002103A8FFF799FC77
:100CF200CDF820900021307BDFF84C2500910B903D
:100D020003ABB16805F11000FFF78FFC082328221E
:100D1200002103A8FFF79DFCCDF81C900023306949
:100D2200DFF82815099003AA05F12C00FFF795FCBE
:100D320008232422002103A8FFF757FC01208DF885
:100D4200240003AA012105F16000FFF756FCDFF839
:100D5200D004DFF8C814D0F80080DFF8BC240C6897
:100D62001768287820BB03AA002105F17C00FFF751
:100D720044FC0FF21D40686036E0FFF7BDFEA8B1EB
:100D820000F066F812D500F06EF802D400F070F8A8
:100D92000CD5306800F061F80FF6B80300904FF4FC
:100DA2008071DFF88C0425680068A84700204CE0B9
:100DB200F80619D5E00603D498F80000C10613D549
:100DC200380711D5200703D498F8000001070BD586
:100DD200686848B9DFF850040FF2884100880023A0
:100DE20040F2A922FFF70DFC002105F1BC00297297
:100DF20001604160706800F0FFFE484600F0EDF9C6
:100E02004B460FF24D42042105F1C80000F029FEC5
:100E1200FFF772FEC0B1F90516D5E00503D4B8F8A4
:100E22000000C10510D5DFF8FC0331680288DFF845
:100E32000054DFF808642868D6F800A00FF65803BB
:100E420000914FF48071D047484610B0BDE8F0875A
:100E5200DFF8C8231168C8057047DFF8C813DFF848
:100E6200DC430A887047DFF8B4030168CA0570479B
:100E7200DFF8B00301680A88D00570472DE9FE4308
:100E8200D0F80480856808F1A806316008687060AF
:100E92004868B0608868F060C8683061DFF898031D
:100EA20004882CB3DFF874130868C20520D5DFF874
:100EB2006C130868C20505D4DFF868130868028855
:100EC200D10515D500200290DFF868733068DFF88D
:100ED20068E3017CDFF850030FF2D87302880191B6
:100EE200296800914FF480713868DEF80070B847C5
:100EF200B068DFF83873002841D03168087C4000C0
:100F02003860012188F80810F4B100F083F81BD58D
:100F120000F077F802D400F078F815D53068DFF8E1
:100F22001083017CDFF814C30FF2B873DCF8009071
:100F3200029170680178BB480288D8F800000191DC
:100F42002968FFF77AFEC8477068411C7160007813
:100F5200B860786840061ED428680321FFF78DFB2D
:100F6200002C4BD000F056F848D500F04AF802D4D5
:100F720000F04BF842D528680FF2AC7334E03068C9
:100F8200017C490041F001013960022088F8080023
:100F92007868400602D54FF0FF3030E031692868AA
:100FA200022911D20321FFF768FB002C26D000F0A2
:100FB20031F823D500F025F802D400F026F81DD52B
:100FC20028680FF2A8730FE00B21FFF756FBACB1B4
:100FD20000F020F812D500F014F802D400F015F851
:100FE2000CD528680FF2D07300908E499148934C2B
:100FF2000A88006825684FF40071A8470020BDE800
:10100200FE83864801688A057047854801680A8818
:1010120090057047814801688A0570472DE9FE4FA7
:1010220004466668A06801900F464FF00008796890
:10103200002904BFF86800280ED03178012910D1A8
:10104200FFF7E7FA06F1BC02116831B153689F61FC
:101052005760FFF7E2FA01208FE017605760FFF751
:10106200DCFA022000F0A4FD4FF0FF3106F160002F
:10107200FFF7CBFA01988068FFF7F3FA394620466A
:10108200FFF7FCFE044601988068FFF7EEFA30781D
:10109200002861D16A4966480F686149D0F800B0FA
:1010A2000D685E485D49D0F80090D1F800A014F1B7
:1010B200010F17D1604A108870B15FEACA510BD58F
:1010C2005FEAC95002D42888C10505D500F057F857
:1010D2000FF22C7300F058F803203072022000F057
:1010E200D0FC45E05448048874B15FEACA500BD57D
:1010F2005FEAC95002D42888C10505D500F03FF83F
:101102000FF2287300F040F8514906F17C00FFF716
:101112007CFA74B15FEACA500BD55FEAC95002D4B7
:101122002888C10505D500F02AF80FF22C7300F0CB
:101132002BF8307AE0B9CCB15FEACA5016D55FEA33
:10114200C95002D42888C10510D500F018F80FF252
:10115200287300F019F809E014F1010F06D10320F9
:10116200307206F12C00FFF770FA01E04FF001082F
:1011720006F16000FFF73DFA4046BDE8FE8F019898
:10118200294A016812887047009158464FF48071CD
:101192003847F8B5284904460888A8B1FFF758FE31
:1011A20012D5FFF760FE02D4FFF762FE0CD5A068ED
:1011B2001D4D2A8801681E4E214D30682F680FF29E
:1011C200D0630091FFF7E2FF6068BDE8F2407C3037
:1011D200FFF70FBA0000042800403EB54468856856
:1011E2006846FFF746FA0FF2D461E06851F8202012
:1011F20002B101220D4B1C68286801992568D2B200
:10120200A8470348044A0121816111600160C1605D
:1012120037BD0428004010040542400500003C058B
:1012220000004405000084050000AC010010002805
:10123200004028A00100E22E000024A0010020A00E
:10124200010000200084D70700001B0B0000A086CD
:10125200010080B5042804BF1046FFF7BEFF00203E
:1012620002BD433A5C55736572735C4B6566616E91
:101272005C446F776E6C6F6164735C365469534380
:10128200482D546573746265642D6D61696E202802
:1012920031295C3654695343482D54657374626531
:1012A200642D6D61696E5C736F757263655C436F0B
:1012B2006D706F6E656E74735C68616C5C4932430D
:1012C2004343323658582E6300004932433A204F86
:1012D200626A65637420636C6F736564203078257D
:1012E20078004932433A282570292049535220492F
:1012F20032434343323658585F57524954455F4D43
:101302004F44453A204461746120746F20777269BA
:1013120074653A20307825783B20546F20736C61D5
:1013220076653A203078257800004932433A2825FC
:101332007029204953522049324343433236585888
:101342005F57524954455F4D4F44453A2041434B04
:101352002072656365697665643B205772697469BA
:101362006E6720772F2053544F502062697400001B
:1013720000004932433A2825702920495352204916
:1013820032434343323658585F57524954455F4DB2
:101392004F44453A2041434B207265636569766547
:1013A200643B2057726974696E670000000049321D
:1013B200433A282570292049535220493243434356
:1013C200323658585F57524954455F4D4F44453A5B
:1013D200202D3E204932434343323658585F52450E
:1013E20041445F4D4F44453B2052656164696E67DD
:1013F20020772F205245535441525420616E64206D
:1014020041434B0000004932433A282570292049C4
:101412005352204932434343323658585F57524958
:1014220054455F4D4F44453A202D3E2049324343B7
:1014320043323658585F524541445F4D4F44453B15
:101442002052656164696E6720772F20524553549C
:1014520041525420616E64204E41434B0000493298
:10146200433A2825702920495352204932434343A5
:10147200323658585F57524954455F4D4F44453AAA
:10148200202D3E204932434343323658585F494467
:101492004C455F4D4F44453B2053656E64696E6712
:1014A2002053544F5020626974004932433A282530
:1014B2007029204953522049324343433236585807
:1014C2005F524541445F4D4F44453A205265616445
:1014D200206461746120627974653A2030782578DD
:1014E20000004932433A28257029204953522049A5
:1014F20032434343323658585F524541445F4D4F61
:1015020044453A2052656164696E6720772F204115
:10151200434B000000004932433A282570292049F4
:101522005352204932434343323658585F52454161
:10153200445F4D4F44453A2052656164696E6720AD
:10154200772F204E41434B0000004932433A282571
:101552007029204953522049324343433236585866
:101562005F524541445F4D4F44453A202D3E20494C
:1015720032434343323658585F49444C455F4D4FDE
:1015820044453B2053656E64696E672053544F5047
:101592002062697400004932433A282570292049A3
:1015A20053522049324320427573206661756C7430
:1015B2002028537461747573205265673A2030781D
:1015C2002578290000004932433A2825702920490C
:1015D2005352205472616E7366657220436F6D7050
:1015E2006C65746500004932433A28257029204908
:1015F2005352204E6F206F74686572204932432027
:101602007472616E73616374696F6E20696E2071AA
:101612007565756500004932433A282570292049CD
:101622005352205072696D696E67206E657874201E
:10163200493243207472616E73616374696F6E2004
:10164200282570292066726F6D2071756575650099
:1016520000004932433A2050696E20616C6C6F631E
:101662006174696F6E206661696C65642C206F70AD
:10167200656E20646964206E6F74207375636365A0
:101682006564202862617365416464723A3078252A
:101692007829000000004932433A204F626A6563AC
:1016A2007420637265617465642030782578000067
:1016B20000004932433A282570292053746172741C
:1016C200696E67207472616E73616374696F6E20F4
:1016D200746F20736C6176653A203078257800004B
:1016E20000004932433A28257029204932434343B6
:1016F200323658585F49444C455F4D4F44453A2075
:101702004461746120746F2077726974653A203085
:101712007825783B20546F20536C6176653A2030EF
:101722007825780000004932433A2825702920495B
:1017320032434343323658585F49444C455F4D4F1C
:1017420044453A202D3E20493243434332365858CD
:101752005F57524954455F4D4F44453B205772698C
:1017620074696E6720772F205354415254004932D6
:10177200433A282570292049324343433236585888
:101782005F49444C455F4D4F44453A202D3E204928
:1017920032434343323658585F524541445F4D4FBE
:1017A20044453B2052656164696E6720772F204E65
:1017B20041434B0000004932433A28257029204911
:1017C20032434343323658585F49444C455F4D4F8C
:1017D20044453A202D3E204932434343323658583D
:1017E2005F524541445F4D4F44453B205265616421
:1017F200696E6720772F2041434B00000000493279
:10180200433A282570292042757320627573792C1A
:10181200207472616E73616374696F6E206E6F748F
:10182200207374617274656400004932433A28255A
:1018320070292050656E64696E67206F6E20747225
:10184200616E73666572436F6D706C65746520734B
:10185200656D6170686F726500004932433A2825F0
:101862007029205472616E73616374696F6E2063B4
:101872006F6D706C6574656400004932433A2825C7
:101882007029205472616E73666572204F4B00009E
:1018920000004932433A2825702920706F73746919
:1018A2006E67207472616E73666572436F6D706CE1
:1018B2006574652073656D6170686F726500000004
:1018C200000001000000DFF800F0C1C20110DFF8E3
:1018D20000F0E3BF0110DFF800F085C10110DFF86E
:1018E20000F079B50110DFF800F0D5C00110DFF883
:1018F20000F0E1B50110DFF800F0F5C00110DFF8EB
:1019020000F049BA011020B1082324220021FFF778
:10191200E2BF704780B50120009009234FF40072A6
:101922000021DFF8400700F09BFE01BDDFF83C0715
:101932008068704710B50446132C04D300F055F9A3
:10194200D022FEF75EFEDFF82007201890F8ED00A7
:1019520010BD0022022904D1012806D140F2EE2254
:1019620003E0012808BF4FF47A7210467047DFF88F
:10197200F80690F8E61021B1D0F80C01010018BF6A
:10198200004770472DE9F041DFF8E08608F1E105F4
:101992008AB0A879002861D10120A871DFF8D06649
:1019A200DFF8D076307B68717068C8F80C0101A846
:1019B200FFF7A9FF00200690ADF81400079001ABD5
:1019C20000220FF23D5108F10C00FFF788FF01AB36
:1019D20000220FF2E95108F13000FFF780FF01AB5E
:1019E20000220FF2215108F15400FFF778FFB1688D
:1019F20001208847DFF8800600787868C0F38154B8
:101A0200707B20B1032C02D10120287003E0032C4B
:101A120018BF022C16D1022000F0CAF8032CDFF8FE
:101A220058160CBF4FF47A7042F210700968B0FB7E
:101A3200F1F108F15400FFF746FF08F15400FFF7F7
:101A420046FF05E0012C03D100F087FAFFF762FFA1
:101A5200386840075CBF002000F0AAF80AB0BDE871
:101A6200F08110B508B1140001D1022010BD8160CF
:101A7200C26003610146DFF8F005FEF7F4FA0020C8
:101A820010BD2DE9F047044600F08CF8052C04D374
:101A9200002340F2931200F081F8DFF8CC6504EBEA
:101AA2000609FEF7B6FD99F8E850824625B90023EB
:101AB20040F29B1200F072F8681E89F8E800C0B28A
:101AC20020B9B0680121A1408843B060504661E06E
:101AD2002DE9F047064600F065F8132E04D30023E3
:101AE20040F2B51200F05AF8DFF880A506EB0A04BE
:101AF200FEF78FFD94F8ED50814625B900234FF48F
:101B0200DF7200F04BF8681E84F8ED00C0B20028C6
:101B12003FD10FF2B850DFF8644500EB8606377804
:101B22007588380615D52168096A284688472168CC
:101B3200896A284688472168096B28468847DFF862
:101B4200401501200860DFF83C0500688007FAD5DF
:101B520012E0780606D50AEB85010020D1F80011C3
:101B6200884709E021688969284688472168496BC6
:101B7200284688470228F9D107F03F003F2818BFBE
:101B8200FFF7A6FF707800F03F003F2818BFFFF76D
:101B92009FFF4846BDE8F047FEF73FBD4146384645
:101BA200FEF72FBDDFF8E4040FF2105807887047E4
:101BB20010B50446052C05D300F017F840F20222B6
:101BC200FEF71FFDFEF725FDDFF8A0148A6801234A
:101BD200A3401A438A60611891F8E820521C81F8E8
:101BE200E820BDE81040FEF718BDDFF89C040FF2B4
:101BF200C841008800237047F8B50646132E05D366
:101C0200FFF7F3FF40F21D22FEF7FBFCFEF701FD9A
:101C12000446DFF85454701990F8ED104A1C00295C
:101C220080F8ED2039D10FF2A44000EB8607387816
:101C320000F03F003F2818BFFFF7DEFF787800F082
:101C42003F003F2818BFFFF7D7FF7E883878DFF8BC
:101C52002C7401060ED53968C9693046884739683F
:101C6200496A304688473968C96A3046884700F071
:101C720019F812E0400606D505EB86010120D1F8DD
:101C82000011884709E03968496930468847396850
:101C9200496B304688470128F9D12046BDE8F24019
:101CA200FEF7BBBCDFF8DC1301200860DFF8D803C5
:101CB20000688007FAD570472DE9F04F002483B001
:101CC2004FF0000A0128D04618BF012664D1DFF880
:101CD2009893D9F8DC0001285DD10220C9F8DC0014
:101CE200FFF709FE0090012000F042F9060054D1EE
:101CF200FFF7F9FDDFF89C1301900C60012000F062
:101D0200F4FC012804D1002000F087F94FF0010A09
:101D1200DFF88413DFF878030C6000681120FFF706
:101D220009FE08B14FF001081020FFF703FE08B1C9
:101D320048F002080F20FFF7FDFD08B148F0040843
:101D42000B20FFF7F7FDDFF8346320B13168096B30
:101D52004FF4806088470A20FFF7ECFD20B131681C
:101D6200096B4FF481608847DFF81813DFF82C7392
:101D7200DFF82CB30120086048F02000316889693F
:101D82008847DFF81C130120086099F80800C00793
:101D920007D5012416E0042673E00120C9F8DC000F
:101DA2006CE0584600F017FD0546042DF9D0012DD0
:101DB20004D1326A52680321584690473868800835
:101DC20080003860002000F012FDB04800683068E2
:101DD200806B804754B9012D04D1326A52680121C7
:101DE20058469047386840F0030038600120A949FE
:101DF200086040463168496988470B20FFF79AFD21
:101E020020B13168C96A4FF4806088470A20FFF721
:101E120091FD20B13168C96A4FF4816088479849C1
:101E22000120086000209E4908600320C9F8DC00F8
:101E32003168496B404688470128F9D1042000F0F7
:101E420097F8934901200860914800689648006815
:101E52008006FBD5BAF1000F1CBF012000F0DDF8AF
:101E6200FEF7EFF8082000F083F806460120C9F8D3
:101E7200DC000198FFF73BFD00F089FD0098FFF7B9
:101E82003EFD3046BDE8FE8F38B50446FEF7C1FB85
:101E9200054621467548FEF7FAF828462BE030B58C
:101EA200002401288BB004D021D303281DD018D3DD
:101EB2001DE001A8FFF727FD6C4D7B490694ADF8A4
:101EC2001440079401AB012205F17800FFF707FDEA
:101ED20000940023764A2C2105F19C00FEF7A5FB15
:101EE20005E000F0E4FD044601E000F086FE204635
:101EF2000BB030BD0000BDE83240FEF78EBB0000E3
:101F020000007047000010B582B0042000F0EDFB25
:101F1200022818BF032807D100F01FF8FFF7FAFCC8
:101F2200BDE816400220ACE56248534900684E4CB9
:101F3200C0F3815003280CBF4FF47A7041F288300D
:101F42000968B0FBF1F104F15400FFF7BCFC04F1A5
:101F52005400BDE81640FFF7BABC032000901C23D2
:101F62004FF0405200213F4800F07ABB00207047FA
:101F720070B504463D4E3046FEF76BF8002598B921
:101F82003046FEF76CF80646B068204207D0326948
:101F9200F3680021204698470546012D05D03046BA
:101FA200FEF75FF80600EFD1284670BD42490128CE
:101FB2000CBF40F2FF70002008600020704770B52F
:101FC200FEF727FB294E294D044696F8E00028B17A
:101FD20000F0A2FB68B1002086F8E0000220AD68A4
:101FE200A84706461020FFF7C3FF8EB10320A8477B
:101FF2000EE0214909683220B0FBF1F101B901215B
:1020020006F13000FFF75FFC06F13000FFF75FFCDE
:102012002046BDE87040FEF700BB38B501281ED14E
:1020220000F063FB01281CD000F06CFB0F4C12493E
:10203200012084F8E00032200968B0FBF1F505B90F
:10204200012504F1300000F0C4FF294604F13000FC
:10205200FFF739FC04F13000FFF739FC01E000F032
:102062007DFB002032BD00A00C4018090020D89949
:102072000100B03F00506145002014A00100B801EA
:1020820000102820086028200840840500002C2029
:1020920009400C400940000222432422084000402B
:1020A20003408001044314100940392D0000092B1C
:1020B2000000B43F005000000460706F7765722F1B
:1020C200506F7765724343323658582E63008F3F04
:1020D20000008F3F01008F3F02008F3F0300903FBF
:1020E20000018F3F0101903F0002903F00038F3FAC
:1020F20001048F3F00058F1208048F3F00048F3FB9
:102102000006513F00007F3F01003F3F04003F3F78
:1021120002003F3F01007F3F020070B500F08AFFDE
:1021220004460026DFF864540DE024FA06F0C007E6
:1021320008D505EB8600406820B1026811001CBF7B
:1021420031469047761C2868F6B28642EDD370BDC0
:10215200DFF83C040168DFF838040160DFF8380476
:1021620000F06FBF2DE9F0470E00F5B2044644BF00
:1021720086F0204686F4C046A80000F1804000F5B3
:10218200012004EA06030168DFF810743B4086EA86
:102192000102A1431943224004F4E023120EB3F5D5
:1021A200E02F02F0010202D1CA0105D411E014F4B9
:1021B200E02F08BF002A0CD001F4E022B2F5A02FD4
:1021C20004D0B2F5C02F04D1052200E0062262F34A
:1021D2001241DFF8C87301603868E84000F0010876
:1021E20005F1804000F50839B00DB8F1000F00F09C
:1021F200010A03D1600248BF89F800A020020DD570
:10220200FEF707FA01223968AA4033024CBF13468F
:102212000023914319433960FEF7FFF9B8F1000F2B
:1022220003D0600248BF89F800A0BDE8F08700290A
:1022320048BF0021800000F1804000F5012001F03C
:102242003F010268920941EA82110160704710B5AC
:10225200DFF85003006800F07F0401F064F8012801
:1022620004D101F056F8022808BF641C204610BDB4
:102272002DE9F04FA1B00546FFF784FB01F053F8BA
:102282000026012804D101F044F8022808BF0126E3
:10229200DFF81403C168C1F3815101294FF0010A2B
:1022A20004D10068000E0AFA00F00643DFF8FC02CF
:1022B200DFF8D8420078DFF8F492FFF7C8FF206019
:1022C20020B10146FF22484601F095F84FF0000880
:1022D200002706E00AFA00F001F8097040EA08084F
:1022E2007F1C55F82700C1B2FE290AD0FF29F7D07A
:1022F2002268914203D226FA00F2D207EAD50220DE
:102302006FE00920FFF778FCC4F8805008232422EC
:10231200002117A8FEF769F98DF874A017AA012108
:1023220004F1D400FEF769F90027DFF884A20BE07C
:102332005046FFF717FF4FF0FF31F8B2FFF777FF74
:102342000020CBF804007F1C2068874213D226FAB3
:1023520007F0C00704EB870B48BF0420F1D428FA2A
:1023620007F0C00747BF17F8090055F82010F8B268
:1023720040F4C041DCE70823302200210BA8FEF71D
:1023820050F9DFF83052DFF83022287813900BAB87
:1023920000200090102104F18400FEF746F9082382
:1023A2002822002101A8FEF754F96868DFF810120C
:1023B200079000230020089001AA04F1A000FEF774
:1023C2004CF9DFF8FC01016821F47C5141F4005121
:1023D20001600120DFF8F0110860DFF8EC110860FD
:1023E200002021B0BDE8F08F2DE9F041674E044690
:1023F2000D4606F1D40800F036F8002035B9002069
:1024020020606060A06085B125E0401C15F82010B6
:10241200FE29F4D0FF29F8D03268914204D206EBAB
:10242200810149680029F0D000244046FEF7E1F816
:102432002046BDE8F08106EB81020123546003FAD5
:1024420001F162681143616055F820205949204624
:1024520000F074F8384615F82010FE29E5D0471C24
:10246200FF29E8D1F6E74FF0FF314046FEF7CDB83D
:1024720010B50C46F0B1416821FA04F2D20719D521
:102482000122A2409143416000203F4901EB8402B6
:1024920050604648225C4648FF2A0EBF44F0204165
:1024A200D1F8801051F82210FFF75CFE4FF0FF3197
:1024B200204666E0022010BD10B5044607E090FAFF
:1024C200A0F0B0FA80F1C9B22046FFF7D1FF6068F0
:1024D2000028F4D110BD10B52C4B1C68A14204D2C7
:1024E20003EB81035B68834201D0022010BD100020
:1024F200374A18BF01205054002010BD35490968E1
:10250200C14001F00100704710B51F4B1C68CAB2F0
:10251200A24204D203EB82025268824201D002201C
:1025220010BD0A464FF4E02100F008F8002010BD6B
:1025320000281ABF016000200220704738B5124CF3
:1025420025680B461146CAB2AA4204D204EB8202A3
:102552005268824201D0022032BD1846FFF702FEC5
:10256200002032BD0B4610B51146074A1468A3423B
:1025720004D202EB83025268824201D0022010BDD3
:102582001846FFF754FE002010BDE8380020E02076
:102592000240E020026088390020007F077FD020BF
:1025A200024044130050A83F0050614500203443CC
:1025B2000020007FC767D0990100532100001D2130
:1025C2000000003009400C4009400800094000208A
:1025D20002408020024070B504460D461646FDF7C3
:1025E2002CFD401E8041C00F1A490A68002AFCD007
:1025F200012E02D0022E02D003E0257002E02580D7
:1026020000E0256001220A6000281CBFBDE870407E
:10261200FDF717BD70BD38B504460D46FDF70DFD3B
:10262200401E8041C00F0A490A68002AFCD0012DD1
:1026320002D0022D02D003E0247802E0248800E0D8
:10264200246801220A6008B1FDF7FBFC204632BD76
:10265200000000800C400B46114604221818BAE70D
:1026620010B500EB4100102B144600F5007002D3A8
:10267200103B001D240C0299994041EA0441BDE837
:1026820010400422A7E738B51D460818102D14463D
:1026920002D3103D801C240C0221FFF7BCFF204016
:1026A20080B2E84032BD70B50446E00782B00D4604
:1026B200434E05D5A8B200900023012200F011F884
:1026C200A00705D5A8B200900123022200F009F864
:1026D200600705D5ADB2009502230C2200F001F887
:1026E20073BD00213046FFF7BBBF0146042907BF77
:1026F2001D234FF0C0421C234FF08052304834213A
:10270200FFF7C1BF80B501210320FFF7CCFF00F026
:1027120094FE2B49886001BD80B50120FFF7E5FFDB
:10272200012819D00023012234212448FFF7ABFFEE
:1027320098B100F026F800F080FE21498B680A6803
:10274200C860A2EB9202C01A1F4B5843000C0860EB
:10275200904238BF10460860012002BD10B500212A
:102762000320FFF7A0FF0120FFF7BFFF08B100F031
:1027720008F8134C00F061FE606000F074FE206106
:1027820010BD1148006800F082BE10B510490A68F9
:1027920010490968140424161B384443E41004EB5E
:1027A2002244120600FB00F3121609065A4358434C
:1027B200091604EBA222484302EBA04010BD00A080
:1027C2000C405044002040420F0080000010901343
:1027D2000050A4100050006801074CBF042000F014
:1027E2000300704700001628A8BF203870472DE963
:1027F200F84F06469348934C0068934D800704D5E2
:102802000820A87192482060BFE000F02CFE8046AC
:102812009048006800900027001700F10109009815
:10282200800208D4C8F13E00C0100928A8BF0820C1
:102832008145B8BF814687480068C0F30460FFF74E
:10284200D2FF824685480068C0F30440FFF7CBFF01
:1028520009EB0A011629A8BF152104DA6FF0090253
:102862009142B8BF114601F01F027C4B42F4F8526C
:102872001A807B4A126812F0030F18BF0127520711
:1028820048BF47F002070EB147F0040795F9072049
:10289200A8EB0202052A02DAAA7997425DD0A8F1D2
:1028A2000F0C0026BCF1000FB64607F0010207F03C
:1028B2000403DFF8B09123D40CEB0C1C4FEA2C2E4E
:1028C200BEF1080F28BF4FF0070E7646072E28BF2D
:1028D200062609EB860A59F82660DAF804A0AAEB64
:1028E200060A0AF0FF0613B1CAF3072B5E445FEA39
:1028F200877B44BFCAF3074B5E440AB106EB1A66F4
:1029020059F82E9009F0FF0A13B1C9F307239A442C
:10291200BB0744BFC9F307439A440AB10AEB196AD9
:10292200401AACEB0E220099AF717243803201283B
:10293200B8BF0120342301F0FF0158430AEB1222F1
:102942004843B0FBF2F0B0F5803F28BF4FF6FF706E
:1029520008F30708A88085F8078043480068A9881B
:10296200286000201F2904D21F21A98004E0490801
:10297200401CB1F5007FFAD20F39090940EAC100C3
:102982003B490843206000206060BDE8F18F10B52C
:102992003848006884B21CB300F065FD2B4991F9F8
:1029A2000720904205DA6FF07F029042B8BF1046CE
:1029B200C8718888844201D28C8010BD2B4A12686B
:1029C2000B68D21A921C202A28BF1F22231A5208EF
:1029D200D3401818B0F5803F28BF4FF6FF708880AB
:1029E20010BD2448026802B9704710B5234B99689C
:1029F20001F04060B0F1406F21D011480468A40793
:102A02001DD45C68A4071AD404681B68C3F303537B
:102A12001C331B0114F0050F06D09A420FD26FF03F
:102A220005012140016010BD934208D20A0158BF3E
:102A320044F00104490158BF44F00404046010BD8D
:102A420000000000094030100940F8440020FDFD5C
:102A5200A400B43F0050B81200503C1100506E6206
:102A62000840242208409C1300500820094000E737
:102A7200A4803410094028500940AC3F0050DFF8D0
:102A820000F099C8011010B50C18FDF7D6FA401ED7
:102A92008041C00FDFF8F0130A68002AFCD02468D6
:102AA20001220A6008B1FDF7CCFA204610BD38B504
:102AB200DFF8D843DFF8D8132078897B0025084354
:102AC2000AD0FDF7A6FDA178002906BF0121A17059
:102AD2000125FDF7A2FD0DB1002032BD0220FFF756
:102AE20067F80E20FFF788F8DFF8A803016809B13C
:102AF200012032BDDFF8A023402111600121C16114
:102B02000020607032BD70B5DFF88C0382B0002106
:102B120001604821C160DFF8800300F1D804A17A86
:102B2200002968D00129DFF8742329D110684BF2FB
:102B3200F5214843050ADFF868030068C0F38140C5
:102B4200012806D100F08FFCFFF71FFE684305EB5A
:102B52009055607B10B10020607305E0D248006898
:102B6200000215EB10204508D0480560290C416091
:102B720001218160C648807B00283AD0052039E0D7
:102B8200022909D11568284600F0FDF8A5F2FF5088
:102B920003282ED308202DE003292CD1116800F13F
:102BA200B805A1F5C0612868E961002848BF404224
:102BB200002948BF49428842A8BF002018DA686845
:102BC200BB4E80B2009008234FF47F423021304642
:102BD200FFF746FDA86800F072F904213046FFF7BE
:102BE2003FFDA86900F071F93046FFF739FD012079
:102BF20020700B202073BDE873402DE9F041A64CF4
:102C0200DFF8AC82AB4FAB4EA34804F1E10582B0D2
:102C1200E9784A1E0B2A00F28080DFE802F00622E1
:102C220033465B33465B3346636EA34909680968E2
:102C3200202088470F20F860072341F61D50386195
:102C42004FF4C0720220009000F070F807234FF496
:102C5200C07200214046FFF716FD012030600220BD
:102C620044E00120F861287800281DBF002030616F
:102C720003200620E870032038600020706070682E
:102C8200800734D4E878032804D1022000F04BF8FE
:102C9200042007E0002000F046F8E87806280CBF80
:102CA20007200A20E87001201AE0042903D120211C
:102CB200B961012105E00122BA610A290CBF032191
:102CC20002216970002139600821C1600160012080
:102CD200386026E005290CBF06200920E870002094
:102CE200706004E00020306070600C20E87004F135
:102CF2007800BDE8F641FEF7EABD0021016001203F
:102D0200644908600E20FEF7E3FE0220FEF7B9FEDA
:102D12000120E8700020A87003E0BDE8F341FFF74E
:102D2200AEBEBDE8F381009005236022002140463B
:102D3200FFF796BC000080B558495E4891F8E41050
:102D4200891E0A291AD8DFE801F0060A0E190A0EAE
:102D5200190A0E19120001688907FCD510E04168B2
:102D62008907FCD40CE041688907FCD508E00168BA
:102D72008907FCD441688907FCD401E0FFF77FFE94
:102D8200BDE8014039E7F8B50746484C30212046F6
:102D9200FFF779FE414E06F1B805C0F307206860DF
:102DA20004212046FFF76FFEC0F38440A860202173
:102DB2002046FFF768FEC0F38120A861B7F5C06026
:102DC200286002D186F8D800F1BD296996F8D8208A
:102DD2002AB96A68A968EA60E861AA696A61E86969
:102DE20000284CBF6FF00102022200EB40001018D5
:102DF200421000EB927001EBA0006968E9600128C3
:102E020010DA6A69032A04D1153001281DDA01207B
:102E12001BE00B300128B8BF0120491E48BF00212A
:102E2200E96007E01F2812DB6A692AB915381F28F2
:102E3200A8BF1E20032109E00B381F28A8BF1E20AF
:102E4200491C4029A8BF3F21E9600021696128612E
:102E52000823E86880B200904FF47F42302100F0EE
:102E62003CF80120009011234FF4003200F034F8B6
:102E7200286900F024F800F02FF8686900F025F8BE
:102E820000F02BF8F1BD00800C40F9090020D89920
:102E9200010004800C402C500C401809002008400E
:102EA2000C40B43F0050102009403C600C4000A090
:102EB2000C4000400C4034600C40A001001080B275
:102EC200009012234FF4F802704780B200900A2358
:102ED2004FF440622021704704212046FFF7C0BB17
:102EE2000000DFF800F095C00110DFF800F00DA837
:102EF2000110DFF800F0BDBE0110DFF800F089C25A
:102F02000110DFF800F069C70110FEE77FE086E0FC
:102F120070B5FFF7FBFFDFF824610446B0680021BB
:102F2200FFF7DFFF05467069451BB069A84238BF4D
:102F320000252046FFF7EBFF284670BD2DE9F04142
:102F4200FFF7E4FFDFF8F8400746A0680121FFF72A
:102F5200C8FF0121A1830021E183656922682168FC
:102F6200461B401AAA1A904203D20020A083384678
:102F72002CE03846FFF7CBFF002706E07D192946F3
:102F82000120FFF7B2FFF61B0746BE42F6D2FFF75B
:102F9200BDFF8046E08B012804D129460020FFF7BF
:102FA200A4FF0746A06917F1010F08BF064603D028
:102FB200BE1BB04238BF064671193046FFF799FF73
:102FC200012020840020A08325604046BDE8F04116
:102FD2009DE700218182DFF86410C0684A6990424F
:102FE20004D1DFF87C201068FEF771BC704770B521
:102FF20004460D461646FFF789FFA561E661BDE866
:10300200704084E701617047808A70477047EFF330
:103012001180DFF850100A6882F31188704780F33C
:1030220011887047014688680969401A7047EEE7BF
:10303200F5E70000DFF8340080687047000078018F
:10304200002038B504460D46FFF7F1FF616A0D43D3
:103052006562FFF7EDFF2046BDE83240FDF7F5BAA5
:10306200000018A001000CA00100C801002081602E
:1030720042607047102804D3DFF80C101038C1F8F2
:10308200000F7047000000E000E000F018BAFFF700
:10309200BEBFFFF7C4BFDFF82C12C20744BF012234
:1030A2000A60820744BF4FF480720A60400744BF3F
:1030B2004FF48030086070470021DFF80C22C3070C
:1030C20048BF1168830748BF116A400748BF116CA7
:1030D200080018BF0120C0B270470000DFF8F021DD
:1030E200C30748BF1160830748BF5160400748BF0C
:1030F2009160704710B504460020D4E90A2347F6D0
:10310200906100F088FA0123994228BF4FF0FF3006
:1031120010BD1CB50C4600F090F9011D201AB0F14B
:10312200004F05D8081BB0F1004F38BF8C4200D2C7
:103132000C462146BDE81C400120CFE72DE9F041B5
:1031420080460A46D8E90A01D8E90C45A0FB026785
:1031520001FB0277A6196F41340C002244EA0741B1
:103162004046FFF7D6FFC8E90E67BDE8F081F8B523
:103172000646FFF78CFF0446DFF85C51DFF85C710E
:103182000120E861FFF787FFF96A0A6A1420904775
:103192003169B1F5802F34BF0421090C0120FFF7FA
:1031A2009DFF3A681368232100209847DFF8301109
:1031B20001200860DFF83001016821F4E02141F4C8
:1031C20080310160012028602046BDE8F24060E7BE
:1031D20000F03DB938B5DFF8F800DFF804114568B2
:1031E2000C6844B10220FFF767FF20B10220FFF70D
:1031F20052FF0120A047DFF8F000046844B1042028
:10320200FFF75AFF20B10420FFF745FF0220A04735
:103212000120FFF751FF30B100F006F86869A96993
:10322200BDE83440084731BD012034E7F8B5044613
:103232000D46FFF7CDFFD4E90A6732463B4600F060
:10324200EAF93DB1A6FB002306FB013307FB00337D
:10325200C4E90C23F2BD10B5DFF87C00DFF8904022
:10326200002101600121C16121602068FFF7DCFFBC
:10327200DFF884100A68136A14209847206810BD8A
:1032820080B5DFF86C100868FFF7A2FF000C40EA77
:10329200014002BD80B586B0002103A8FFF72DFED4
:1032A20070B1DFF85C20DFF85C0013680093002146
:1032B20002910191AE23018800220020FFF721FE36
:1032C20007B000BD000004200940800024431820FC
:1032D2000940E40100200000244384010010800220
:1032E200244304A001000020094008A001002C2072
:1032F2000940EC010020B0010010DFF81000C08886
:10330200704710A0010080040000FEE77047F00142
:10331200002030480068000C00F00700052828BF94
:103322004FF0FF3070472C490A68C2F30F324BF658
:103332009A139A424FF0FF3006D10868000F0B280B
:103342000CBF0420002070474BF6BE118A4201D107
:10335200012070474BF641318A4201D10320704768
:103362004BF620318A4208BF0220704700001A48FB
:10337200F8B50068050F1948006800F0FF06802EB6
:1033820028BF0026FFF7CFFF04284FF0FF3406F1D5
:103392000A071DD8DFE800F003121A1A1B00012DDC
:1033A20012D0032D06D0072D06D0082D08BF06F136
:1033B20016040DE014240BE0152409E025B1022DBA
:1033C20008BF06F1140403E00A2401E005B93C46F3
:1033D20060B2F2BD00009412005018130050A01009
:1033E200005080B5FFF79FFF20B9FFF7C0FF1628F6
:1033F20000DB01BDFEE762F30F2262F31F4200B55C
:1034020000BF130096469446103928BFA0E80C501E
:10341200FAD85FEA417C28BF0CC048BF40F8042BB1
:10342200C90728BF20F8022B48BF00F8012B00BDB6
:10343200FDF7EFB8FDF7F1B80000094801684268EE
:1034420003689942FAD1100C40EA0140704710B566
:10345200044A136850681468A3421946F9D110BD92
:103462000000082009400748084A8168127800686D
:1034720052B2A0F54070C9035043C913A1EB20100A
:10348200803000127047285009400C13005070B56C
:103492000446FCF7D2FD451EAD41ED0F074E3068E4
:1034A2000028FCD0A04701203060002D1CBFBDE8E1
:1034B2007040FCF7C6BD70BD000000800C4010B526
:1034C2004048046814F1010F08BF0024FFF789FF88
:1034D2003D490020086001203C4908603C490860E1
:1034E20000F077FB3B48006820B13A48006820466C
:1034F20000F01CF83949394A00200860394801684F
:103502006FF31B411143016037480168C1F3013178
:10351200012906D10168344A114041F400320260A7
:103522000160324800680028FBD110BD70B5054625
:103532003048012101602F4909680029FBD02E4C37
:103542002F4AC021216053682E499B075DBF136833
:103552001B0C43F0F00372230B7000210163966889
:10356200304600F070F93146284600F09FF92548B0
:10357200816D89B240F20F22914213D20168006834
:10358200C1F30361C0F3034001B1491E072805D00E
:1035920006280EBF0720801C00F00F0041EA001031
:1035A2001A490870304600F0F0F918490968C968EC
:1035B200022088474020206001201549086070BD24
:1035C20000001C130050840460425C600C4008221E
:1035D200044380012843000120438C21084000005D
:1035E20039014820034004000940FFFFFCFC0C00A5
:1035F2006842101009409402224300600C40AC3F24
:10360200005056620840BC12005002600840A001FF
:10361200001094046042B3BBD9B1B2F5803F7DD2B1
:10362200022A1ED98C46B1FBF2F102FB11C31B0424
:1036320043EA1043B3FBF2FC02FB1C3380B240EAC4
:103642000343B3FBF2F002FB103240EA0C400023CA
:103652007047022A05D98446B0FBF2F002FB10C281
:1036620070474AB105D100F0010249085FEA300013
:10367200704700220023704700F01BBB0B000200C2
:10368200002100207047904271EB030CF6D3B3F592
:10369200803F2FD2F0B5B3FA83F7B1FA81F4A7F1E4
:1036A2000F0E3D1B5340CEF1200602FA0EF2F341FB
:1036B2005340B5F10F0746D80F3C2C444140C4F1AA
:1036C2002006A040F1414140B1FBF3F603FB161185
:1036D200A2FB0645001BA94102D2761E8018594161
:1036E20080EA010221FA0EF362FA0EF200215A4038
:1036F2003046F0BD30B4B1FBF3FC03FB1C11A2FB5E
:103702000C45001BA94103D2ACF1010C80185941B0
:1037120030BC02460B46604600217047B2F1807F02
:1037220065D3F0B5B2FA82F7B1FA81F4C7F10F06A8
:103732003D1B22FA06F307F1110EF24120355A40E1
:10374200B5F10F07B8D94140C4F12006A040F141BC
:103752004140B1FBF3FC03FB1C11A2FB0C45001B17
:10376200A94103D2BCF1010C801859410F2F12D389
:103772000F3FC90341EA5041B1FBF3F603FB1611B7
:10378200A2FB0645D4EBC030A94102D2761E8018B6
:10379200594146EACC3C07B34140C7F12006B84044
:1037A200F1414140B1FBF3F603FB1611A2FB0645C2
:1037B200001BA94102D2761E8018594180EA0102FB
:1037C20021FA0EF3C7F1200462FA0EF20CFA07F0A6
:1037D2005A402CFA04F13043F0BD80EA010221FA8A
:1037E2000EF3002162FA0EF260465A40F0BD8C469A
:1037F200B1FBF2F102FB11C31B0243EA1063B3FBFC
:10380200F2FC02FB1C331B024CEA002043EA106369
:10381200B3FBF2FC02FB1C331B024CEA002043EA1E
:103822001063B3FBF2FC02FB1C331B024CEA0020C8
:1038320043EA1063B3FBF2FC02FB1C324CEA0020A9
:10384200002370470000DFF8E8130968C1F3046140
:103852001629A8BF203901EB2071491C1629A8BFDF
:10386200152104DA6FF009029142B8BF114601F046
:103872001F01DFF8C02341F4F8511180DFF8BC13B7
:10388200096889074FBF40F040600021DFF8B0238C
:103892001160DFF8AC13C0F3C06282F00102C0F322
:1038A20080600A6080F001008860704770B505464C
:1038B20082B0084600F0EEF80246DFF8884318218D
:1038C20000F060F800F012F980B20090002340F29C
:1038D200FF322C212046FEF7C3FEDFF86C63F0684E
:1038E200C0F30D021C2100F04DF8706800F0FC32AC
:1038F200142100F047F83068DFF85413DFF85463FE
:1039020001EA0002102100F03DF8284600F0F8F824
:1039120002460C2100F036F8284600F01CF940005F
:1039220040F020003072284600F01EF940F01000EE
:103932003072284600F021F90246282100F022F8D0
:10394200284600F0FFF8400040F06000F072284680
:1039520000F02DF9C00040F080003070284600F0E1
:103962002FF98000BC4940F47C400880284600F0D2
:1039720011F90246082100F005F8B7494FF480001A
:10398200086073BD2046FEF766BEF8B5810C01F0F3
:1039920003010129B24CB04D02D002292AD026E0FF
:1039A200216A8A0323D44FF480422A606FF08F0683
:1039B200AC4AD2F8023033404E0A06F08006334356
:1039C200C1F303363343C2F80230C1F30326D2F8FF
:1039D20001301B0946EA0313C2F801306FF0E70613
:1039E2001368334001F0E7011943116002E04FF020
:1039F200004129609C4E9C4AB16809075CBF402186
:103A0200A9624FF400712964800D216AC90C01F08A
:103A1200030141F0300110F00300117003D00228BD
:103A220026D008D326E001210420FEF73CFE8F4871
:103A320000F0F0F822E00120FEF757FE0746394673
:103A42000420FEF730FE0420FEF74FFEB842FAD102
:103A5200366826F07F4000F0DDF8854B1B681B6856
:103A62004FF060220721300E98474FF480602860A3
:103A7200032100E002210420FEF715FE20687D49A3
:103A820000F03F00087047F618007B4908807B4829
:103A92000068F1BD7B490968C1F383628303C1F306
:103AA2008F2120D4000400164FF6FF7307E0490867
:103AB20004D11946520804BF01220121401C0028EA
:103AC200F5D401280FDB490041F00101B1F5803F37
:103AD20021BF0121520042F00102102A24BF0F220D
:103AE2001946401EEDE741EA024070476548016809
:103AF20000680002C1F3870100F440700843704778
:103B020030B5604C61490A686568ED07C2F303513C
:103B1200C2F303430AD42468250501EB257124046A
:103B220081F3040103EB247383F304031B0443EACC
:103B3200015193B21943222824BF02F0804001436D
:103B4200084630BD0021202803D350480068C0F346
:103B52000151084670470121222803D34D480068CD
:103B6200C0F30071084670470121222803D3484858
:103B72000068C0F34071084670470021202807D32F
:103B820043480068C10C01F44071C0F38450014302
:103B92000846704720283F4907D33C483F4A0068FF
:103BA200810A02EA003040EA81510846704700214A
:103BB200222803D337480068C0F3C0610846704723
:103BC2000021222803D332480068C0F34551084639
:103BD2007047324800680028FBD13148324A4168B8
:103BE20012688908890041F0005141F0040152072E
:103BF20048BF41F001010BD4026812F0030F07D055
:103C020041F003024260026802F00302032AFAD181
:103C120041607047254982B20A60C0F3074048609C
:103C220001208860224800680028FBD000208860BC
:103C32007047B81200506E620840000009409404B8
:103C42002A430000204300A00C4070130050FFFFE5
:103C5200FC0041A10C40DCA10C4040A00C406C13C4
:103C620000500A600840A83F005008A10C40BD3730
:103C72008600B40100100BB00C4070B00C402C2038
:103C8200094050130050AC3F005078130050981375
:103C920000508C13005000803F4000F03F000C00A9
:103CA200684200400340B03F00503C600C40840832
:103CB2008C437047000020B1082328220021FCF722
:103CC200C8BC704720B1082330220021FCF7A9BCF0
:103CD200704738B50546FCF79CFC2C680CB121688E
:103CE2002960FCF79AFC204632BD70B505460E46A7
:103CF2002C68002030601CB9FCF78BFC2E600DE0B4
:103D0200FCF787FC00E0246821680029FBD1B4425B
:103D120003D1FCF782FC002070BD2660FCF77DFC1D
:103D2200012070BD10B501460022DFF8D40A00EB75
:103D32004210C37F1C0603D5B0F91C308B4203D05E
:103D4200521C082AF1DB002010BD7CB50446FCF7AA
:103D520060FCDFF8606A0546B07EF0B1401EB076C6
:103D6200C0B2D0B9082100F003F9B4B1B06B703021
:103D7200FFF72FF9B16BDFF88C2AC8681168241A93
:103D8200B4FBF1F1012906F1EC0498BF01212046B0
:103D9200FDF799FD2046FDF79AFD00F0E2BE38B529
:103DA2000446207B00F00F00022802BFDFF8085A09
:103DB200287E002815D100F000FD0146A068800889
:103DC200A0EB91006FF0704188420ADAA96BCA68D1
:103DD200B0F1704FB8BF00F1804002F57A728242B2
:103DE20000DB002032BD38B5DFF8201ADFF8200AE8
:103DF2000C68DFF8C0590440E0430860A00606D50D
:103E02004868810603D54FF4005100F0BCFB14F45E
:103E1200602F09D0286904F4602404432C6105F161
:103E22009C00BDE834403CE031BD7CB5FCF7F1FBC1
:103E3200DFF884590446286910F4602F26D02E69D1
:103E4200F601360EF00748BF002606D4B00748BF79
:103E5200012602D4700748BF0226701D40B200F04E
:103E6200FCFF2969012206F1110082409143296178
:103E72002046FCF7D2FB05EB860044684CB128686B
:103E820000224FF00063711DA04702E02046FCF7BC
:103E9200C4FB286920B105F19C00BDE87C4000E02C
:103EA20073BD0021FFF7CDB8FEB501F020F804463E
:103EB200DFF80469DFF8485B14F00A0F1CBFB16A2F
:103EC200002917D00020B062D1E90423886902EAF0
:103ED200040747F0020738438861686990436861C4
:103EE200E8689843E86006F13000FFF7FEFE022121
:103EF20000F03EF8B26AA0070BD4D2E904010440F4
:103F020007D0F2624FF4804190690443946100F05B
:103F12002FF8B06A58BB746A4CB3E068B16B884240
:103F220008D006F14C0003B0BDE8F0404FF48051D8
:103F3200FFF787B8A068FFF732FFB06418B1B06C22
:103F4200BDE8FE4001E7D4E904016A6902436A61FF
:103F52000020EA680A43EA60E861A0682860E8692C
:103F62000028FCD006F12400FFF7B3FEB462F7BDCF
:103F720006F14C00FFF765B80020E6E6F8B5074603
:103F820014463E6E1D4606B1B047A00708D4D7E9D5
:103F92001601204029400022914208BF904207D0DA
:103FA200C7E91A4507F13800BDE8F240FCF721BB2A
:103FB200F1BDFEE780B5FFF73DF8DFF8F8270146CF
:103FC200906BD26BBDE80840104710B5DFF8E847A8
:103FD2000FF23D01E06B884202D1FFF738FA20640C
:103FE20004F14C00BDE810400421FFF72AB880B567
:103FF20000F07DFFDFF80C1A084207D0BDE804404C
:104002004FF00051DFF8500BFFF71BB801BD042938
:1040120000D0704738B5DFF89C57686A08B1C068AD
:10402200A863A86BDFF8E02941680B781360126877
:1040320009788A421CBF8469002C05D000224FF007
:1040420000736FF0FF01A0470220FDF7B1FD1120C0
:10405200FDF7D2FD01206877A86B017C002919BF0A
:10406200E87E00280E20FDF7C7FDA86BDFF8902937
:1040720040688168002904BFC068002804D000217C
:10408200D161DFF88409106040F2FF70DFF8801A16
:10409200086000219161DFF8680950610FF2110098
:1040A200E8631920BDE83240FCF7DFBA00002DE9D1
:1040B200F8430646880084B040F1A680DFF8F8464F
:1040C200A06B4168486800B18047A06BDFF8309967
:1040D20042689068002804BFD16800290DD000F022
:1040E20096F8906800B18047A06B4168C86800B13B
:1040F2008047DFF8640A00F002FF0020C9F81C00C4
:1041020040F60A08DFF8580ADFF8705AC9F80000CA
:10411200012000F03CFF0FF25510E063A5F800808B
:10412200002068800021287B00F0F000287369607D
:10413200687B00F023FA6873B26817467980E17EE3
:1041420009B1707CA0B1118840F60203994205D1F1
:104152003B8A4FF60F4003403B8204E0398B4FF617
:104162000F400140398300207074104600F0FDFEBC
:10417200B068694600F0EBFE684600F0F7FE78682A
:1041820020B10188414518BF0746F8D17D6040F64D
:104192000301787B00F0F0007873606A8068008821
:1041A20088421CBF40F60401884217D0308CA8B167
:1041B20000217184716206F12C004278017802F0CC
:1041C200F00201F0F00142F001020170427006F1CA
:1041D20020006860687B00F0F000687300F017F858
:1041E2000120FEF782FA012806D0787B00F0C6F99A
:1041F20078730FF22900E0634FF6FF30B1680A8A44
:1042020002400A82C9F8001005B0BDE8F083D9F86F
:104212001C000028FBD00021C9F81C107047DFF8F1
:104222005C29114200D17047012010B5FEF75DFAFA
:104232000128DFF8804508D10FF23501DFF83C098B
:10424200E163DFF8B817086010BDDFF8C82A10680C
:104252003221B1FBF0F1012998BF0121EC34204653
:10426200FDF731FB2046BDE81040FDF730BB2DE9DC
:10427200FE4389465FEA4941DFF83C5519D5FCF710
:10428200C8F9EE6AB769B9070ED46EB10021B161FF
:10429200FCF7C3F9706848B1B6F91C10F06876688B
:1042A2003A460023B04701E0FCF7B7F929F4804908
:1042B2003BE15FEA897162D52E6B002E57D0B1685F
:1042C200202040F6040240F6030300291CBFC7B2B7
:1042D200002F00F037810F889F421EBF9742496826
:1042E200401EF2D129E100224FF08043B6F91C10A2
:1042F200F0687768B847FCF78CF90746E88E401CEF
:10430200C0F30B00E8860020296BC87705F1300066
:10431200FFF7DFFC3846FCF780F9B5F93600F268A2
:1043220002F1B803B3F90010884204BF297E0029C4
:104332001DD1987808B9106820B900209870FFF74D
:1043420004FD14E0A96B0B6813F1010F0FD0DFF825
:10435200B4743968B0FBF1F1022938BF012102F1CE
:104362007000FDF7B0FAF0687030FDF7B0FA286B14
:10437200002829F0020901D049F00209D5E05FEADC
:10438200890105F1800640F60908DFF8EC476AD595
:10439200074640F60202B8680188914205D1028AB6
:1043A2002D2161F30912028204E0028B2D2161F3B7
:1043B20009120283286CB8B10420FEF796F998B16D
:1043C200FFF745F8296C814228BF401E401A798ABE
:1043D20011EB1030F86040F2D761A0F2EE20884273
:1043E20024BF40F6C410F860D7F818C0BCF1000F23
:1043F2001CBFDFF8A8198C450DD0607B10F00F0FA1
:1044020004BF788C404506D100224FF000736FF450
:1044120080713846E0470022DFF894193046FEF7F3
:1044220026FE287F50B10221ADF80010684600F048
:1044320066FDBDF80800A882002028770120687672
:104442000021A87E6977401CA8761920FEF712FE8B
:104452007E692EB100224FF0806300213846B047BA
:1044620029F0005961E095F8200029F0080730B1E1
:104472005FEA097147D5002085F8200041E05FEA34
:10448200097040D5002068760120A877002000F04E
:104492007EFD0FF2F900DFF81819E86300223046BA
:1044A200FEF7E5FDE97EDFF8546509B1287F10B11A
:1044B2000121E9760FE0A86CE8B1FEF7C8FF296C8C
:1044C2006A6C401A02EB10326A64A86CB2EBC01F2D
:1044D20011D300206864A4F800800021607B00F002
:1044E2004DF8607300206080207B00F0F0002073A4
:1044F2006160346003E04FF0005100F044F80020A6
:104502002864B94611E05FEA89400ED5AE6A002EF2
:104512001CBF7068002806D0B6F91C10F0687668D7
:1045220000222023B04729F40059B9F1000F02D02C
:10453200494600F028F8BDE8F783F06818222030D9
:1045420000F037FDB2690020B061706800283FF4C6
:10455200D2AEF07F002300F00700012842F00202F1
:1045620008D002283FF4BFAE042804BF00224FF057
:104572008053BBE600224FF00053B7E600F0F00094
:1045820040F00100704705F14C00FEF75ABD70B5CE
:104592000546880029D500F0BFFC864CDFF890085C
:1045A200DFF89068E063307818B905F13800FCF75D
:1045B20020F8DFF85815002008600220FDF761FAA4
:1045C2001120FDF785FA287C10B90E20FDF780FA3C
:1045D2000020E083B07840B104F14C000021B170BA
:1045E2000421BDE87040FEF72CBD70BD30B58DB022
:1045F200FDF7C8F9DFF84008DFF8404801686D4D63
:1046020041F00201016001A8FFF755FBA078DFF835
:1046120038180790002301AA05F14C00FCF71DF899
:1046220001A8FFF74FFB2178DFF8882709910020C6
:10463200ADF81C00009001AB192105F18000FBF7D9
:10464200F4FF01A8FFF737FBE078DFF800180790C6
:10465200002301AA05F19C00FBF7FFFF01A8FFF769
:1046620031FB0120ADF81C00002160780990009117
:1046720001ABDFF8DC271A2105F1D000FBF7D5FFEB
:1046820000230022DFF8D01705F1EC00FDF727F92F
:10469200DFF89C07E8630DB04FF6FF70A882012097
:1046A20028770020E875E8766877E88385F82000A7
:1046B200286430BD2DE9F0410446DFF8E0070068C8
:1046C2000E46C1068EB090461D461AD500F061FB1B
:1046D20005D4DFF8CC2713681A78D20611D5000763
:1046E2000FD5080702D400F041FA0AD54CB9DFF819
:1046F200B4770FF2C0613888002340F20152FBF711
:1047020080FFDFF82C77397819B9FFF76FFF0120A6
:104712003870002E1CBF6660B8F1000F48D0C4F894
:104722000880FBF776FF797800293FD101227A7061
:10473200FBF773FF1DB909A800F005FB09AD286856
:1047420020606868E060287C2074A86860610120AD
:1047520060744FF48D706082E86800B1A061A0219E
:1047620004F1200000F069FC08232422002168469D
:10477200FBF73BFF01208DF818006A46002104F187
:104782003800FBF73AFF0823242200216846FDF790
:10479200A2F806946B460022DFF8101704F17000AD
:1047A200FDF79DF820460EB0BDE8F081FBF735FF1E
:1047B2000020F8E70000D833002070B5FBF729FF8E
:1047C200DFF8EC26517E21B1DFF8E826146800F00C
:1047D20036BBFBF722FFFEF73AFE10F50030DFF89A
:1047E200D426DFF8946341F10001A2FB004502FBED
:1047F200015531690020221845EB0103184670BDAE
:104802000000E835002014A0010008100440200038
:104812000E002DE9F84F0446DFF8840606680D46BF
:10482200F10692469B4636D5DFF89006076817F0E8
:10483200100905D1DFF86C0601680A78D0062AD57E
:1048420016F008060FF270580CD0380702D400F0A8
:104852008DF907D534B900F05CF940F2B9524146FE
:10486200FBF7CFFEB9F1000F05D1DFF83416086867
:104872000278D1060FD576B1380702D400F076F966
:1048820009D545B9DFF820060088002340F2BA5264
:104892004146FBF7B6FEDFF81466FBF7BAFEB6F93F
:1048A20034108146B6F93600091AC1F30B01082902
:1048B2006FF0010848DAB08EDFF80416401CC0F32E
:1048C2000B00B086B6F93400ADF8000000200206F5
:1048D200D20C01F11F039B5C1F0640F18E80401C2D
:1048E200C2B2082AF3DB002704F17000FEF771FB65
:1048F200BD6087F81EA0C7F804B02021BDF80000F3
:10490200B883FC60DDE90A23DFF8B80510401940DE
:10491200C7E90401B8340020F87740F6FF75706AE1
:104922000028394606F1240006D0FFF7DEF930B13F
:1049320000F06DF8484653E0FFF7D7F948B9B08E5A
:104942002D18C5F30B05B5864846FBF766FE4046B3
:1049520051E000F05CF8F17F00291CBF707E002856
:1049620008D00020F07730770121B07E86F8201041
:10497200401CB0764846FBF750FEB16A002938D198
:10498200707E18B11920FEF775FB32E0707F80BB94
:10499200FBF73FFE0446B07F20B1DFF894240121EB
:1049A20091701CE0B868FFF7FAF9B064D8B1B06B47
:1049B200DFF86413C0680968B26C121AB2FBF1F234
:1049C200012A83BFB26C101AB0FBF1F1012106F18A
:1049D200EC052846FCF777FF2846FCF778FF2046CF
:1049E200FBF71BFE05E02046FBF717FE0421FFF74D
:1049F200BFFABDF90000BDE8F28F8F1874E700100E
:104A0200044002000040D021084051000706BDF8D2
:104A120000002080F87F40F08000F877A07801281D
:104A220002D10021A170317770472DE9F84F8246FB
:104A3200DFF86C0404680F46E1069046994634D5C7
:104A4200DFF86004DFF8741405680E68F00602D41B
:104A52002878C10629D520070FF25C3B0ED5300716
:104A620002D42878010709D5BAF1000F06D100F067
:104A720050F840F22F625946FBF7C3FDF10602D40B
:104A82002878C10611D520070FD5300702D428781F
:104A920001070AD5380008D5DFF80C040088002386
:104AA2004FF4C6625946FBF7ACFDFCF71CFF044607
:104AB2003846FFF737F9070003D12046FCF717FF06
:104AC2000AE0F87F10F0070F09D02046FCF70FFF2D
:104AD200F87F10F0070FFBD10220002115E0796862
:104AE200DFF8E403814203D07968CAF86010786085
:104AF200CAE916892046FCF7FAFE4FF0FF310AF1A7
:104B02003800FBF782FDDAE91A01BDE8F48F0000F4
:104B12000460DFF890C3BCF8000000237047DCB5E6
:104B2200DDE906670446CDE90067180008BFDFF833
:104B320094332046FFF76DFE010003D500204FF0AD
:104B42000041DCBD204602B0BDE8D04002224FF059
:104B5200E0436AE700002434002001000706010157
:104B62000E042846BDE87640FBF757BDDFF8340354
:104B720001680A78100770470000144400200400FE
:104B82000020FFE72DE9F8438946DFF81013096892
:104B92001446CA061BD5DFF820231268D30605D4B3
:104BA200DFF800331D682E78F30610D509070ED5FD
:104BB200110705D4DFF8EC120A681378190706D535
:104BC20028B900F0B2F840F2A662FBF71AFDDFF84E
:104BD200DC52686A00908427FBF71BFD19F1010F74
:104BE20004F0010680460AD1A86A002819BFA96A02
:104BF200B1F91C90E88E00F101090020E8750FFA66
:104C020089F0FFF78FF8010077D0A86A814204F09B
:104C1200020424D11CB1686A009000226A62012257
:104C2200C87FB2401043C877FCF75DFE0746002EEE
:104C320014BFDFF89402DFF8940200F060F900F08C
:104C42007FF824B906E000F068F800F074F80098E4
:104C52000028F8D13846FCF74AFE00274FE00098BA
:104C6200884205F1EC0616D13046FEF7B2F9002C67
:104C720012BF0020686A0068686200F061F800985C
:104C820000F04BF800F057F8009828B3002CF6D14A
:104C920022E0126800920098002833D00246106881
:104CA2008842F6D13046FEF794F9009800681CB1AC
:104CB200009A0021116004E00168009A116000224C
:104CC2000260009003E000F028F800F034F8009849
:104CD2000028F8D100F034F8002715E0A87F70B959
:104CE200DFF8F011E96305F14C000221FEF7A9F9A2
:104CF200687E20B94E49E96301E000F021F83846A8
:104D0200BDE8F28300F01CF8687F0028E6D002219B
:104D1200FFF739FCF3E714A00100C17F41F0040161
:104D2200C1776846FEF7D5BF0000DFF8785121A1B0
:104D3200288800237047014605F13000FEF7D5BFF1
:104D42004046FBF76ABC38B500F02BF813D500F0EB
:104D520020F802D400F017F80DD500070BD508078C
:104D620002D4FFF703FF06D52CB9FFF7DEFF40F2AE
:104D72003D72FBF746FC2046BDE838400FF25C115D
:104D8200142200F016B9DFF8182113681D78EA061C
:104D92007047DFF824110968CA0670470000B53F62
:104DA200000004463E480068C10670470000AB3E62
:104DB2000000F13F0000433A5C55736572735C4B2F
:104DC2006566616E5C446F776E6C6F6164735C36AE
:104DD20054695343482D546573746265642D6D6143
:104DE200696E202831295C3654695343482D546535
:104DF20073746265642D6D61696E5C736F75726345
:104E0200655C436F6D706F6E656E74735C68616C28
:104E12005C696E635C52464343323658585F73692D
:104E22006E676C654D6F64652E6300000000114073
:104E320000003C45002000200940389A0100FBF7A1
:104E4200ECFB204670BD00000000B73F00002D3E85
:104E52000000E93D0000CD3F000038B50446FBF7F5
:104E6200D8FB124AD17D4B0702D5937D9C4211D0CB
:104E72000123958A03FA04F10D4395820C341549F6
:104E82000D6803FA04F425EA04040C60096809B900
:104E920000231376BDE83240FBF7BFBB000040059C
:104EA200000044050000840500007B3F0000D83369
:104EB20000200430044000093D003C050000E835B4
:104EC2000020FDEFFF9F7F3F000001000204010070
:104ED2000104714200000C100440FFFFFFFFC409EF
:104EE200000000000000B53F000001001A01214946
:104EF2000868C2430A600A680242FAD170471E4932
:104F02000A68002AFCD1CA610860C8690028FCD07E
:104F12000020C86148687047194801686FF00202B2
:104F2200114041F40071016003211548816041F292
:104F3200300141610121C160502141610121C16003
:104F42004FF4CA6141610121C160016070470D489F
:104F520002680A6082684A60C2688A60406B20F018
:104F6200784040F08050C860704770470146102278
:104F7200064800F00EB81010044000100440000073
:104F82000460004104404C13005018000021704797
:104F9200000062B38B0708D0521E11F8013B00F8E3
:104FA200013B00F024808B07F6D1830740F020807C
:104FB20000BF103A07D330B4B1E83810103AA0E875
:104FC2003810F9D230BC530724BFB1E80810A0E86A
:104FD200081044BF51F8043B40F8043BD20724BFF9
:104FE20031F8022B20F8022B44BF0B780370704774
:104FF200121F17D35B0009D151F8043B20F8023B82
:105002001B0C121F20F8023BF6D20BE051F8043BB6
:1050120000F8013B1B0A20F8023B1B0C121F00F890
:10502200013BF3D238BF121D521E24BF11F8013BBF
:1050320000F8013BF8D8704700000022FEF7DFB904
:1050420000004178007800EB012080B2704710B573
:10505200DFF84C4ADFF84C1ADFF84C2A0420E071E2
:1050620000202072A080087010702E21DFF83C2AE8
:10507200107004F10C00FFF7E0FF4FF46071DFF8ED
:105082002C0AFFF7DAFF0020E0635021BDE8104050
:10509200DFF8200AFFF7D1BFDFF8040A007A704771
:1050A200042801DB00207047E021DFF8002A484392
:1050B200104470472DE9F84C04460D4692460026EE
:1050C2004FF6FF7BF1B2E022DFF8E40951434718C3
:1050D200787890B15C4519BF398BA1423879A842E2
:1050E2000BD1032D514607F1280002D101F0B2F88D
:1050F20001E001F0BCF8C0B230B9761CF0B203286E
:10510200E0DD0020BDE8F28CDFF8AC0901783972ED
:105112003846F7E7F8B588B006460D4668460021DE
:1051220000220023002480E81E003DB36A46E9B253
:10513200304601F09CFB002820D006442D1A9DF831
:105142000100039FBDF802400128ADB2EDD1002C51
:10515200EBD06A46E1B2384601F09EFB0028E4D06B
:105162000744241A9DF806001A28A4B2EFD1039826
:1051720004A901F059FA9DF8180000E0FF2009B0D7
:10518200F0BD10B50C460121617001892183817A3D
:1051920021710329014604F1280002D101F03FF8F0
:1051A20001E001F043F800206071A071E060DFF8D7
:1051B20004090178217210BD2DE9FC41044608461C
:1051C2001D461146FFF7A6FF01460023E022DFF845
:1051D200DC88DEB2564308EB0607787830B35B1CF6
:1051E200D8B20328F5DDF5B900232046DCB25443DA
:1051F20044442578012D26D0E578A9422ADB03D143
:10520200257C077BBD4225D3E578A94202BF057BF9
:10521200277CBD4203D1657CC77ABD421AD35B1C91
:10522200DCB2032CE2DD0020BDE8F68139462046DF
:10523200FFF7A7FF08F80650DFF86408017A491C57
:1052420001723846F0E72146FFF79BFF00202070ED
:105252002046E9E72146FFF794FFF9E72DE9F841F7
:1052620080460F4642462E20DFF83418424385B06E
:1052720000268C18FCF73FFB054604F10C00B1B286
:10528200405CE0B10E20ADF800008DF80480ADF86E
:105292000A606A4601A9692001F0B8FD002802BF30
:1052A200BDF80C00B988884209D19DF80700397B06
:1052B200884202BF9DF80800797B88420AD02846BE
:1052C200FCF71DFB761CB0B22E28D3DB002006B003
:1052D200BDE8F0812846FCF712FB7E800120F6E74C
:1052E20038B504460D46FCF706FB2E21DFF8B02741
:1052F2004C4311194A19117B09B100231373BDE8FC
:105302003240FCF7FCBA2DE9FC4105460C46FFF79A
:10531200A5FF08B1002015E02E204543DFF8808765
:1053220008F10C0000264719FCF7E5FAB2B2B95CA5
:1053320051B1FCF7E4FA761CB0B22E28F4DB2E2031
:1053420060800220BDE8F68108EB05031A446680FE
:1053520001211173FCF7D3FA0120F3E72DE9FE4F87
:1053620082460024DFF8E48CDFF834970E2639E019
:105372000298E9B27143084400F15207394678783D
:10538200FFF7C1FF012823D1384601F0DCFC387A4F
:10539200410710D509F10501019811F804B05B46E7
:1053A20073430E2239461844FFF7F3FD09F1050055
:1053B2000BF101010155387A010709D57889B8F84E
:1053C2000410ADF80000ADF80210684601F006FDC9
:1053D2006D1C0AEB0401E8B291F833108842C7D37E
:1053E200641CE4B29AF83200844209DA8C206043E9
:1053F200DFF85C1C01445044002501910290E8E76B
:10540200BDE8F78FDFF89816CA6B6AB1824203D102
:10541200C268CA6306E00A46D16829B18142FAD15C
:10542200C168D1600021C1607047000000002DE911
:10543200F84F0446DFF868566279032A6AD8DFE833
:1054420002F002151B680129617163D10020E0712D
:10545200E060E96B11B9EC6304E00146C86800281A
:10546200FBD1CC602046BDE8F24F77E7002961719D
:1054720050D1BDE8F24FC5E7032961710BD1DFF8C6
:10548200C80BC17F41F00101C1772046FFF7BAFF87
:105492000020E0713EE0012908BFE1713AD0002905
:1054A20038D1FFF7AFFF002627E00E2148434044E2
:1054B20000F1520A51469AF801B05846FFF7CEFE63
:1054C20098B1FCF718FA2E2205F10C0102FB0BF23F
:1054D2001144BAF8022000238B54FCF710FA022080
:1054E2008AF80000504601F02EFC7F1C99F8331018
:1054F200F8B28842D9D3761CF6B294F832008642CA
:1055020008DA8C207043002704EB000804EB06093C
:10551200ECE76171BDE8F18F2DE9FC47DFF82C6BF8
:10552200DFF88C55317F0023002701EB41014FF05A
:10553200E00808FB07F2681C805C012802BFAC1877
:10554200207800280AD1A47C481001EB9070B4EBBB
:10555200A00FBDBF0024681C84545B1C7F1C032F5A
:10556200E7DDDBB25BB1002000236F1C08FB00F11A
:105572006A5C012A08BF7B54401C0328F6DDFF2722
:105582004FF0000908FB09F02C186078E0B1E078D0
:10559200B842B8BF07466078B0B10622DFF86C1C8B
:1055A20002FB09F2114401F5E67A04F12800FFF743
:1055B20048FDAAF80400E0788AF80000207C8AF806
:1055C2000100607C8AF8020009F10109B9F1030FB8
:1055D200D8DDFF2F08BF002050D000239C460021B9
:1055E200002208FB02F005EB000E00208EF80200FC
:1055F2009EF8010098B19EF80340BC420FD19EF87C
:105602001000834203D29EF811C0034606E098427E
:1056120005D19EF81100844501D284461146521CE0
:10562200032ADEDDDFF87874F971AA1CF87908FB29
:1056320000F001211154B17CFF290BD02844002134
:10564200007ACAB23244D27C904219D0491CCAB202
:10565200032AF6DB002608FB06F2681C815C31B1E6
:10566200A81C805C18B90021A81800F033F8761C39
:10567200032EF0DDF87908FB00F16818BDE8F68723
:10568200DFF88C0B0170E5E7DFF81404C179042917
:1056920081B008BF002004D0E020DFF8102441438D
:1056A200501801B07047DFF8680BC0797047E021ED
:1056B200DFF8FC2348430244D2E908017047E021A5
:1056C200DFF8EC234843104440697047DFF8440B8D
:1056D200C06B704720B14278002A18BFFFF7A7BEFF
:1056E20070472DE9F041D0B0FFF7CEFF050008BFAB
:1056F20080204ED0288BDFF81C1B088005F1180192
:10570200502001F07EFCE878401C01218DF8020057
:1057120000F098F80DF10201922001F091FB0100D6
:105722000ED1DFF824190A894FF47A70424304211A
:10573200019200F087F801A95A2001F081FB0100D3
:105742007DD102AAD5E9080103041B0E53708DF81E
:105752000800030C93701171030E0520ADF80000D0
:10576200D3706A4602A9912001F06AFB010066D15A
:1057720005F13006307801280CD11A2100F062F8C8
:1057820004A9702001F042FB9DF810103279914279
:105792002FD054E030798DF810006A46F188ADF8C8
:1057A20012101A213089ADF814007089ADF8160074
:1057B200B089ADF81800F089ADF81A00308AADF85A
:1057C2001C00708AADF81E00B08AADF82000F08A85
:1057D200ADF82200308BADF82400708BADF82600B6
:1057E200B08BADF82800ADF80010702004A901F0CC
:1057F20027FB70788DF82C004FF48A7100F022F8A4
:105802000BA9902001F002FB010018D1DFF8048AF5
:10581200B17888F8041000270EE005EB870000F14C
:105822004E0400212170204601F067FA08EB87013F
:1058320022680A607F1CFFB2B1788F42EDDB50B064
:10584200BDE8F081ADF800106A4670472DE9F14FCE
:10585200934C9CB000F10A0A20798DF82800884602
:10586200A8F10A064FF0080B4FF00109002549E0A4
:1058720006210CF1040001FB0EF108440E2101FB8C
:105882000EF119448F880780CF8847800F7A0771FD
:1058920005AF087B07F80E0005A8497B70440EF19E
:1058A200010E81729645E3DB601C012110F8250090
:1058B2008CF80000A01C30F825008CF80120ACF810
:1058C20002008DF804108DF8051002EB8200002111
:1058D200ADF806108DF80910484443218DF80A10DE
:1058E20000F10409500005A90022ADF80C00049152
:1058F2008DF80820514600F0E6F86D1C8244361AF5
:105902008344EDB29DF82800854211DA142105A8DE
:10591200FFF793FB601D8C21425D0DF12A0000EB25
:10592200851CDFF8280769434FF0000E4318B9E7DA
:1059320000F0C3F800210020ADF806008DF8091030
:105942001B208DF80A008DF808105FFA89F0ADF877
:105952000C00F2B20AA80490514600F0B5F8824455
:10596200361A83441A20ADF800006A4605A9702051
:1059720001F04CFA9DF814008DF830000121BDF8B9
:105982001600ADF832008DF804108DF805100021D4
:10599200BDF81800ADF83400ADF806108DF8091006
:1059A2001C21BDF81A00ADF836008DF80A100CA9BA
:1059B200BDF81C00ADF838000491F2B2BDF81E002B
:1059C200ADF83A005146BDF82000ADF83C00BDF8F4
:1059D2002200ADF83E00BDF82400ADF84000BDF84D
:1059E2002600ADF84200BDF82800ADF84400BDF82D
:1059F2002A00ADF84600BDF82C00ADF848000120A1
:105A0200ADF80C0000208DF8080000F05DF80122CE
:105A12008DF8042000218DF802100022ADF8062036
:105A220001218DF805108DF809100922ADF80C102E
:105A32008DF80A2000210DF102028DF8081004925F
:105A4200361A83440AEB000100F03DF804460020B8
:105A5200CDE9060000F03BF800F02FF8A3445FFA0E
:105A62008BF0ADF806001A2100208DF809008DF8A0
:105A72000A100620ADF80C0006A9049101208DF849
:105A8200080042461C9900F01FF8A8EB0608A04443
:105A92005FFA88F01DB0BDE8F08F00000000D80B5F
:105AA2000020FD020011FE020011FF02001160221F
:105AB2000020444100206045002001208DF80400B0
:105AC2008DF805007047F2B201A800F00ABC6A46E0
:105AD20008A9922001F09AB92DE9F04FA5B08346AA
:105AE2000C460393099214210FA8FFF7A6FA03218B
:105AF20001A8FFF7A2FA04A8002100220023002532
:105B020080E82E009BF81200217B9BF8102000F009
:105B120027F98BF81000E17A9BF812009BF811200C
:105B220000F01EF98BF8110000269BF81200401CB1
:105B32008BF812002069CBF814000398D0B1C1B2DF
:105B4200099804AA00F093FEA0B1099901440991B1
:105B52000399081A80B203900798BDF812100890B2
:105B620002919DF81100012813D00028E5D0801E73
:105B72000828E2D325B0BDE8F08F079814A900F0F9
:105B820053FD9DF858008BF80300DDE91401CBE9C1
:105B9200080102980028D0D0C1B2089804AA00F0E7
:105BA2007BFE0028C9D00899014408910BF130040A
:105BB2000299091A89B202919DF81610092900F07A
:105BC20094801A29D9D01B2909D01C2900F07F8082
:105BD200432900F09280442900F09580D9E7079884
:105BE20014A900F077FD9DF85000A0700128C4BFF1
:105BF2000121A17000258DE09DF80610F0B28842C7
:105C020012D20E220BA95046FFF7C3F99DF80500E8
:105C1200F1B20818AAF80400761C05E00BF128007E
:105C2200FFF70FFAAAF80A0009F101005FFA80F9FA
:105C320097F8330081456BDA00980A9A0E2101FB2E
:105C420009F1084400F1520A062000FB09F0104451
:105C5200001DF1B200291CBF01790A29CCD1002212
:105C62008AF8002098F800208AF801200188AAF812
:105C720004104188AAF8061001798AF808100FA9C1
:105C820011F809108AF80C100DF1460111F80910EB
:105C92008AF80D1000790A280CBF012000208AF82A
:105CA20009009AF808004107B8D54FF6FF71AAF823
:105CB2000A109DF80400012804BFF0B20028B3D1F5
:105CC2000E2251460BA8FFF764F90126ACE714A98E
:105CD20004A800F0BAFCBDF8180020701A2214A91A
:105CE2000BF13400FFF765F953E7694604A800F0A9
:105CF200EDFC9DF8000060704BE701460FAA04A876
:105D020000F030FD45E701A904A800F04EFD40E790
:105D12006D1CEDB2A0788542F9DA14A901EB851168
:105D220001F102080BEB85014E3198F800204A7010
:105D32000BEB0507B8F802204A8008EB851098F8AB
:105D4200011087F833100A29C4BF0A2187F83310DB
:105D52000A904FF000098C2068435844009067E78E
:105D620000FB0211401C91FBF0F070470A7B0274A9
:105D7200C97A417470472DE9FF4180460D461DB333
:105D82006A46E9B2404600F072FD00281CD0804409
:105D92002D1A9DF80100039EBDF802400128ADB204
:105DA200EDD1002CEBD06A46E1B2304600F074FD32
:105DB2000028E4D03618241A9DF806004528A4B21B
:105DC200EFD103984778ECE7F8B204B0BDE8F08170
:105DD2002DE9F84FA2B0DFF83864069182460092AE
:105DE2004FF0000B86F806B014210CA8FFF725F936
:105DF2000098002862D0C1B2069807AA00F037FDC9
:105E020000285BD00699BDF81E5001440691009906
:105E1200081A80B200900A9805909DF81D0001288A
:105E2200E6D1002DE4D0059807AAE9B200F034FDCE
:105E32000028DDD00599014405912D1A9DF8221004
:105E42001B29ADB207D0432901BF0CAA014607A8FE
:105E520000F088FCE5E70A9811A900F03BFC002459
:105E620032E04FF0010B4FF6FF70ADF80E008DF8E7
:105E72000DB001A94846FFF746FA012802D10020D9
:105E820000F074F99DF80D00012814D10A21701D4B
:105E92008DF80C100E2210F804900B9802FB09F3F7
:105EA20001A91844FFF775F8701D09F101010155A8
:105EB200B079401CB0717F1CFFB214E0584623B089
:105EC200BDE8F08F641CE4B29DF844008442A8DA75
:105ED20011A800EB841000F102088C215C48614398
:105EE200084400270B9098F801008742EADA06205E
:105EF200784398F800908DF80590404430F8041FDC
:105F0200ADF808104188ADF80A100CA900798DF897
:105F12000C000928C95D8DF810100DF13A01C95D18
:105F22008DF811109DD00AF12800FFF78AF8ADF81C
:105F32000E0000208DF80D009BE7F0B505461446D3
:105F420085B00E46204601F02FF901208DF802009F
:105F52008DF805008DF8040005210320ADF80C0032
:105F6200ADF8061000208DF80900422101208DF8BD
:105F720008008DF80A108DF800508DF80160CDF8F8
:105F820010D0204601F010F90546204601F019F91B
:105F92004619C5F18007FAB23146FFF795FD45195A
:105FA2003F1AF9B2304400F024FB4519E9B2204609
:105FB20001F0F2F8012005B0F0BD2DE9F047944E52
:105FC200B1797079491C884205D0172001F086F812
:105FD2005FEA000901D1802035E01B487579077E10
:105FE200DFF86C8000246D1E0E206043AC4208EB8B
:105FF200000A09DA24B10E21504601F0FEF801E050
:1060020088F80C70641CEFE70E22514608F10E006E
:10601200FEF7BFFF0E21504601F0EFF8B079401CA9
:106022007071484601F0CBF88021FFF70FFC014662
:10603200484601F0B1F8484600F039FF04464846A8
:1060420001F06AF82046BDE8F087F4420020583D8E
:1060520000202DE9F04F9FB0804600911546142193
:1060620009A8FEF7EAFF002D70D0009805AAE9B250
:1060720000F0FDFB002869D00099DDF820B0BDF8E2
:10608200164001442D1A9DF8150000910128ADB269
:10609200E9D1002CE7D005AAE1B2584600F0FCFB9A
:1060A2000028E0D09DF81A10241A1B298344A4B2B8
:1060B20007D0432901BF09AA014605A800F052FBF7
:1060C200E7E708980EA900F005FB002743E080B936
:1060D20003200CE0890702D511218DF80C10ADF8D0
:1060E2000E8001A9FFF70FF90128F0D1002000F07E
:1060F2003DF8761CF6B29DF83B00864229DA06206E
:1061020070430AEB00010879012818BF0A28F0D170
:1061120010F0030FEDD099F802008DF8050000236E
:106122000A88ADF808204A88ADF80A208DF80D30AB
:1061320009AA09AB925D8DF810209A19927A8DF80E
:1061420011200979CA07C5D50221C6E71FB0BDE8EB
:10615200F08F7F1CFFB29DF83800874299DA0EA8B3
:1061620000EB871909F1060A0026C4E78DF804003E
:1061720001A800F0E8BDF8B50D4619460446002313
:106182001427DEB225487E430644307828B15B1CD2
:10619200D8B20328F5DD0020F2BD0120032A3070B9
:1061A200727003D1B01C00F03AF802E0B01C00F0AB
:1061B2003DF8214606F10A0000F031F8758201200F
:1061C200F2BD0178012903D100220270012070473B
:1061D20000207047F8B504460D460026F1B214229D
:1061E2000E4851434718214607F10A0000F032F8E1
:1061F20010B1788AA84205D0761CF0B20428EDDBF3
:106202000020F2BD3846F2BD0000802D0020524031
:106212000020D80B002056450020444100200022D7
:106222008B5C8354521C082AFADB70470A7802708E
:1062320049784170704710B5022803D003280CBF7B
:1062420008200020002302E0D45CCC545B1C834273
:10625200FADB10BD10B50022835C8C5CA34204D132
:10626200521C082AF8DB012010BD002010BD027864
:106272000B789A4201D000207047407849788842D2
:10628200F9D10120704730B5022803D003280CBF92
:1062920008200020002300E05B1C834205DACC5C6E
:1062A200D55CAC42F8D0002030BD012030BD7CB5B9
:1062B200044615461E4600F0A0FF0020711E03E0B2
:1062C2000A1AAA5C2254401CB042F9DB73BD017069
:1062D200090A4170704701460878497840EA01206E
:1062E20070472DE9F843012A0B466EDD002B18BFDB
:1062F20000286AD0467845880024012E04BF01791F
:1063020000290DD0C5F30A0141EAC62141F400413A
:106312001970921E0904090E59709B1C92B2022434
:10632200AA4252DB802D50DA16B1B11E08290BD2D7
:106332003DB1C168002948D02A461846FEF729FE19
:106342002C19E0B2BDE8F2830F2EFAD0012E3CD117
:10635200017909B1002DF4D00189477990F806E05E
:106362000D46AA4231DB802D2FDAA41C9E1C002F81
:1063720040F02B814FEA0E2707F4FE4705F0FF019C
:106382000F431F70921E3F0A5F702746EC19BEF141
:106392001A0F1BD0BEF11B0F29D0BEF11C0F00F04B
:1063A2007F80BEF11E0F00F0C280BEF1420F00F0EE
:1063B200E780BEF1430F00F0ED80BEF1440F00F024
:1063C200E180BEF1450F00F0F98010E1062DFCD10D
:1063D200C268D2E9000103041B0E73703070030C13
:1063E200B3703171030EF370107A7071A9E7002D4A
:1063F2001CBFC1680029E8D00B7806F8013B7C1C61
:10640200571E002BBFB29CD00025042FDDDBA80154
:106412008A1C3F1F125C06F8012B241D0A18BFB20A
:10642200908806F8010B9088000A06F8010BD078D4
:1064320006F8010BD07878B302F1060C4FF0000E8B
:10644200042FC2DD062202FB0EF20CEB0208641DD1
:10645200B8F8009006F8019B0CF10209B8F8008028
:106462004FEA182806F8018B0CF1020839F802905D
:1064720006F8019B0CF1040938F802804FEA18284B
:1064820006F8018B0EF1010E19F8022006F8012B15
:106492007F1F8645BFB2D3DB6D1C9D4246DAB4E74F
:1064A2001C2D08BF192503D0192D18BF012D8CD121
:1064B200C46820783070192D37D16188701CFFF7BD
:1064C20006FFA188F01CFFF702FFE188701DFFF7AD
:1064D200FEFE2189F01DFFF7FAFE618906F109002F
:1064E200FFF7F5FEA18906F10B00FFF7F0FEE18947
:1064F20006F10D00FFF7EBFE218A06F10F00FFF710
:10650200E6FE618A06F11100FFF7E1FEA18A06F1BB
:106512001300FFF7DCFEE18A06F11500FFF7D7FE54
:10652200218B06F11700FFF7D2FEEC1909E7002DC7
:106532005DD0C1684A780878520000F0010002F08C
:10654200020210438A78920002F004021043CA78D1
:10655200D20002F01802104306F8010B487810B17D
:106562000A7906F8012B887810B14A7906F8012BCE
:10657200CA78002A03D0891D3046FEF70AFDE0E6FC
:10658200022D34D9C06801783170417871708078F9
:10659200B070D6E6C0680021731C09E0425C06F8C0
:1065A200112000F10A02525C03F81120491CC9B201
:1065B20005EBD572B1EB620FF0DBC2E6C068018871
:1065C200090A317000887070BBE6C1F30A0141EA22
:1065D200CE2141F4004119700904090EBEF1090FE0
:1065E200597004D11DB1C06801783170A8E600204D
:1065F200A8E6F8B50A4601218DF800100F238DF8A0
:1066020001300021ADF802108DF805108DF806104A
:10661200ADF80810039101238DF804300146684655
:10662200FFF75FFE05B000BD70B50478427844EA1A
:1066320002268478C27846EA0446002546EA0264C5
:10664200C1E900454079087270BD38B5C568028954
:106652000C4629782170192A37D1681CFFF73BFEB6
:106662006080E81CFFF737FEA080681DFFF733FE4D
:10667200E080E81DFFF72FFE208105F10900FFF7FA
:106682002AFE608105F10B00FFF725FEA08105F1CE
:106692000D00FFF720FEE08105F10F00FFF71BFE62
:1066A200208205F11100FFF716FE608205F113004A
:1066B200FFF711FEA08205F11500FFF70CFEE08244
:1066C20005F11700FFF707FE208331BDC06802788D
:1066D2000A7070472DE9F84F07460C4617F8010B70
:1066E2002070002526E0062000FB06FA384609EB5A
:1066F2000A0BFFF7F0FDABF80000B81CFFF7EBFD4B
:10670200ABF8020009F10401387901F80A007F1D93
:1067120040B9244802682AB111218DF80010684658
:1067220000219047761CF6B298F803008642DADB25
:106732006D1CEDB22078854212DAAE0104EB060838
:10674200387888F8020008F10609781CFFF7C3FDC3
:10675200211D88530026F87888F803003F1DE3E7DF
:10676200BDE8F18FF8B5C5688E1E144600273604C1
:1067720015E015F8010BE055E11915F8010B8872C7
:10678200E05D10B1897A884208D2064802682AB1CF
:1067920011238DF800300021684690477F1CB7EB2B
:1067A200564FE6DBF1BD44440020C06802780A700F
:1067B20042784A7080788870704710B5034618781E
:1067C2005A7840EA0220C40BC20A0C7002F00F028F
:1067D200C0F30A00012C4A70488009D1802807DAE8
:1067E200002A1CBF012A0F2A04D0921E082A01D3B4
:1067F200002010BD00280CBF00229A1C801CCA6019
:10680200C0B210BD02461378507843EA0023D80B79
:10681200487119D1180A00F07F0003F0FF03802BA2
:1068220088710B811DDA1A2818BF1B2806D01C2874
:1068320018BF1E2802D04038402812D208890028EA
:106842000CBF0022921C0EE0D80A00F00F00C3F326
:106852000A03802B88710B8103DA0928EED00828FD
:10686200ECDD00207047801CCA60C0B2704710B5D2
:10687200012914460EDD2146FFF79FFF811E7E2966
:1068820008D2617801291CBF00290F2903D0891E73
:10689200082900D3002010BD10B50229144615DBCB
:1068A2002146FFF7AFFF811E7E290FD2A1791A2957
:1068B20018BF1B290BD01C291CBF1E29092906D071
:1068C200A1F14002402A02D3092900DB002010BDB9
:1068D2002DE9F04114468046A5791A2D18BF1B2DCB
:1068E2000F460AD01C2D1CBF1E2D092D05D0A5F167
:1068F2004000402801D3092D01DA01216170667838
:1069020004E00F2921D03F1A8044BFB22246F9B2D7
:106912004046FFF7ACFF6178A8B1B142F1D1012E38
:106922000FD108F10208BF1E02E0BFB280443F1A35
:106932002246F9B24046FFF7AFFF30B1A179A94232
:10694200F3D1012002E0B142F2D00020BDE8F08193
:10695200F8B584B005460E466846002100220023A1
:10696200002780E88E00002400E00C46B0B2012827
:1069720015DD69462846FFF720FF014601290EDD95
:106982000D44761A9DF801000919012818BF002844
:10699200EBD0821E082AE8D30F2808BF0C46E0B2CB
:1069A20005B0F0BD38B5022A0C4634DB002C18BF06
:1069B200002830D08178437801F07F0141EAC31189
:1069C2002170090A617041781E3903D060390129AA
:1069D2001FD920E0911E09B207291CDB4568B5F9D1
:1069E2000200297800F30B00C0F30B0009B140F458
:1069F20000400146A01CFFF76AFCA8682071010A4A
:106A02006171010C000EE071A171287920720920D8
:106A120032BD022032BD002032BD18B50378427863
:106A220043EA0223DA0B0A70DC0903F07F034C709D
:106A32008B704AB94A781E2A1CBF7E2A7F2A01D04F
:106A42001A2A01DA7F2B01DD002012BD002B0CBFB8
:106A52000020801C48608878801CC0B212BD7CB5C2
:106A62000026CDE9006604460D46012D0FDD69467C
:106A72002046FFF7D2FF012809DD044486192D1AAA
:106A82009DF801007E2818BF7F28ADB2EDD1F0B28B
:106A920076BD38B504460D46FFF71DFCC0F30B0169
:106AA200B1F5006FA8BFA1F580516980C00B2870B5
:106AB200E178A078227940EA0120617940EA024037
:106AC20040EA0160A860A079287131BDF0B50024C8
:106AD200002304E0EDB27F2D29D03419E4B20F1B5C
:106AE200022F24DB00EB040C065D9CF8015046EA01
:106AF200052E4FEADE150EF07F065FEA0E4E16D423
:106B0200FFB2BF1E3FB2B74211DB0CF10207B61C47
:106B12005FFA86FCBCF1000F09D092F801E05FFA3F
:106B220085FCF445D6D1B01E0123907057601846FB
:106B3200F0BDDFF8D0130860704778B5DFF8CC13EA
:106B42000446088885B008B9EC2030E0DFF8B85375
:106B52002868411C606900F013FB2B6883F88100F0
:106B62001A208DF80A0001AA00F0BFF908B32968BB
:106B7200049A00F0B4F9217E012918D1DFF890635C
:106B8200208830803146502000F03BFA694653207D
:106B920000F01BFA3088DFF87823694600F029FDFF
:106BA200296801200870DFF86C038169884706B004
:106BB20070BDE820FBE701F024BA7FB5DFF85C4343
:106BC200DFF85C532178A278491C2170CBB2AE7CED
:106BD200FF2E06D0E118097941B1022B06DC0846E6
:106BE20005E00F2B02DA2079081800E00022A270DB
:106BF200A278C2B90021012001F081FB01F067FBFC
:106C02000021022001F07BFB00208DF8010060785A
:106C1200A2688DF80200BAB108208DF800000021A8
:106C2200684690477FBDBE490D68C0B201F05BFB6C
:106C320008B9226904E0BB48018C491C01840A227C
:106C42000021284601F092FB7FBD7FB5B34CB54EC3
:106C52000546A07801280FD1B18BFC20491C8DF884
:106C62000100B183A268E8788DF80200002A43D0BF
:106C720008238DF800303CE0E87830B1F18B491CF4
:106C8200E820F1838DF801002BE0E988A748414311
:106C9200216103222946201DFEF78BF90020207076
:106CA200E87860700120A070207901F01CFB90B997
:106CB20000219E4801F006FB0121012001F01FFB8B
:106CC2000121022001F01BFB964822690068002185
:106CD20001F04CFB7FBD308C401C802130848DF84C
:106CE2000110E878A2688DF802002AB108208DF818
:106CF20000000021684690477FBD1CB50146E82090
:106D02000A78844C12B1022A10D016BD4878246A3F
:106D12008DF8040004204988ADF80610ADF8000093
:106D220000236A4601A96420A04716BD4878646A18
:106D32008DF804000421ADF8001000236A4601A971
:106D42006420A04716BD18B585B00146E8204A88E0
:106D5200714CADF80A204A788DF804208B88ADF882
:106D62000C300E23CA88ADF80E200A7A8DF8052061
:106D72004A7A8DF806204A89ADF810200A7B8DF8F0
:106D820007204A7B8DF80820ADF80030097821B140
:106D9200022907D003290AD00DE0246A00F00DF879
:106DA200A04708E0646A00F008F8A04703E0A46A7C
:106DB20000F003F8A04706B010BD00236A4601A9FF
:106DC2006920704780B500785349012802D10969CA
:106DD200884701E04869804780B202BD3EB501881C
:106DE2004FF6FF73994201D1E8203EBDADF806107F
:106DF20004214088484CADF80400ADF8001000238F
:106E0200256A6A4601A90120A8473EBD38B53D4C16
:106E1200246800235A2802D09A2805D00AE0D4F820
:106E220084000860042003E0601C086094F881007C
:106E3200108003E0384CE569A8470346184632BD86
:106E42007FB5304D2E6800245A2802D09A2806D0E9
:106E520025E00868C6F884000420108024E0002998
:106E62001CBF1088002818D0812816DA86F8810005
:106E7200701C1288FEF78DF81A208DF806006A46FB
:106E820096F88110701CFFF723FD30B12968039A30
:106E9200481C121A81F8822006E0E82404E01D4C06
:106EA200256A0023A8470446204604B070BD1FB5DA
:106EB200154C2268511C00F063F9236883F88100A5
:106EC2001A208DF806006A4600F00FF820B12168FA
:106ED200039A00F004F800E0E82004B010BD481C5A
:106EE200121A81F882200020704793F88110581CF2
:106EF200FFF7EEBC0228084A01D1916070470128D1
:106F020008BFD160704730450020544500205645E7
:106F12000020E8440020849C01003C440020F4420C
:106F22000020209B0100802D0020A08601009DA64C
:106F3200000010B54A4C4BA120462022FEF739F83A
:106F420001F04DFA607000202070607304F11602A7
:106F52004449082011F8013B02F8013B401EF9D1D7
:106F620010BD492816D04A2828D04B2820D04C28BA
:106F720012D04F2814D0502818D0532814D0572894
:106F820010D059280AD05D2814D0F02814D0F12846
:106F920016D017E00020704701207047022070478A
:106FA2000320704704207047052070470620704771
:106FB2000720704708207047092070470A20704751
:106FC2000B2070470C207047000070B50C46FFF78D
:106FD200C8FF05460C2D01D1F42070BDFAF78BFCD9
:106FE20006460620454327A041198A78405B1B4983
:106FF20001442046FDF7CDFF3046FAF780FC002021
:1070020070BD7CB50C46FFF7ACFF0C28014601D1E0
:10701200F42076BD06201BA241435518E9780029C9
:1070220004BF287900280BD02A79914201D1FB2094
:1070320076BD2078884228BF824201D2E82076BD00
:10704200FAF759FC06462B88AA78044821461844C8
:10705200FDF79FFF3046FAF752FC002076BD5443FD
:107062000020F0120050000003010700FFFFFFFFA5
:10707200FFFF01000000000000000000000000000F
:1070820000000000000000000100FF0001000100FC
:10709200FF000200010107000300010107000400D4
:1070A20001010700060002000000080002000000C3
:1070B2000A00020000000C00010001000D000100A6
:1070C20001000E0008000000160008000000F9F799
:1070D200A0BAF9F7A2BA1A4801F0A5B970B50546E7
:1070E200FFF7F5FF0646164801F0ABF904463046B5
:1070F200FFF7EFFF2CB91348C18A491CC182002057
:1071020070BD002020706070002104F182000570C3
:1071120041704180204670BD38B50446FFF7D7FF65
:1071220005462146074801F0A0F904462846FFF724
:10713200D0FF14F1010F01D1012032BD002032BD78
:10714200000008030011802D002000210170417011
:1071520082304170017041800020704738B504468A
:1071620015466078C0F18002D2B2954288BF1546BA
:1071720020442A46801CFDF70CFF2570284632BDAC
:1071820038B5457804780B462844811C22461846B7
:10719200FDF7FFFE204632BD4278C2F180028A42EC
:1071A20000DB12E00220704700787047812902DA82
:1071B2004170002070470320704740787047801C60
:1071C200704741780844801C704701700020704766
:1071D20002788A4204D34378CB184370511AF4E7F9
:1071E2000520704710B5FFF779FF040003D0A01CFB
:1071F20001F090F92070204610BD002201F08DBAF6
:10720200000030B5437A0022B3B90078DFF8F436D3
:1072120000281EBF58894FF6FE75A84208D103F117
:107222000E000C1D0568256045686560188915E02B
:1072320018DA8880188905E0022B06D1C3681C88F9
:107242008C804089488006200AE0032B0AD1C3685B
:107252001D680C1D25605D686560408948800C20B2
:10726200887300E0E822104630BD10B50346E820DE
:107272005C78012C0CBFDFF88C265A68B2B10C7016
:107282005878012818BF032808D1187A8872881CF8
:107292001368036053684360092005E0187A887117
:1072A200881C1368036005208873002010BD2DE937
:1072B200F84F84B06A46002300240026002782E8A3
:1072C200D80042788DF800200D464278F3211AB991
:1072D2006946FFF796FF04E0042A23DA6946FFF7BE
:1072E200C4FF014608001DD1F324DFF81C861EE00E
:1072F2000BF1010BCB4519DA4FEA0B109DF8001088
:107302001AF800209142F3D150449DF80E20811CBE
:107312000DF1020001F031FA0028E9D1301D286098
:1073220000242146084605B0BDE8F08F7F1CB8F85E
:1073320000008742F5DA08EB471696F82090D6F857
:1073420004A04FF0000BD5E72DE9FF47044691F862
:1073520021008DF80100994601F10E0303930027E5
:10736200C8798DF809008889ADF80A000B789DF874
:1073720001008DF8003040B101EB800090F82870D8
:107382008DF8087001F12C0001909DF80100012890
:1073920004BF9DF80800FF2804D120001CBF002173
:1073A2008DF80810154629466846FFF780FF80468B
:1073B200002802BF9DF801000128FF2F33D12000D1
:1073C20031D0DFF84475B98C002000E0401C8842BF
:1073D20029DA07EB401A0AF1340633889C42F5D1C8
:1073E200B07C81071DD55FEA090101D1400718D59C
:1073F20007F1F004296820222046FDF7DAFD102269
:107402000AF1360107F1FC00FDF7C3FDB9F1000FE7
:107412002C6008D0B07C410705D440F00400B07461
:1074220001E04FF0F908404604B0BDE8F0872DE9CD
:10743200F84787B00C46417AC28A6B46002500267F
:10744200002783E8E000002939D1DFF8B40401897C
:10745200ADF800104FF6FE734189994228D10DF123
:10746200020150F80E2F0A6042684A6008218DF826
:107472000A10B1469DF80A60BDF80270DFF88C84EC
:107482000225B8F82400814544DA08EB491ABDF810
:107492000020BAF83200BAF83410904205D1080040
:1074A20003D0082E22D0B94230D009F10109E8E711
:1074B2001ADAADF8021002208DF80A00D9E7022983
:1074C20005D1008BADF80200ADF80020F3E70329E7
:1074D2000AD10DF1020150F8183F0B6043684B606E
:1074E200ADF800200820E7E7E82513E005A801F041
:1074F2009CF903A805A90822FDF74BFD08220DF10E
:10750200020103A801F039F90028CED10AF12800BE
:1075120020600025284608B0BDE8F0872DE9FF412C
:10752200044690460026DFF8E07300E0761CB88C33
:10753200864214DA07EB4615A98E0800F6D002A897
:1075420001F073F9684602A90822FDF722FD08221C
:107552004146684601F011F90028E7D16C86BDE882
:10756200FF8138B50C46DFF8985358B101280ED088
:107572005F2815D1FAF7BFF92178DFF88C23C2F81A
:10758200D4100CE0FAF7B7F900F050F807E0FAF778
:10759200B2F905F10E0122680A6062684A6024E0CD
:1075A20031BD38B50C46DFF8585358B1012812D016
:1075B2005F2819D1FAF79FF9DFF85013D1F8D420D8
:1075C200227010E0FAF797F905F10A010A782270A1
:1075D2004A78627007E0FAF78EF905F10E010A683F
:1075E20022604A68626000E031BDBDE83240FAF7CD
:1075F20086B9F8B507460C461646FAF77CF9DFF865
:1076020000532F81FAF77BF9FAF775F905F10E01AC
:1076120032680A6072684A60FAF771F9FAF76BF930
:1076220000F004F8BDE8F240FAF769B905F10A0181
:1076320022780A7062784A707047704738B51546EA
:107642001C4600236A46FFF77FFE01000AD1009A1A
:10765200049902F10C032B60AC4A02F1DC032360B3
:10766200D8320A6032BD2DE9FE430D461646297A0C
:107672001C4609B9DE21AEE095F8201009B9DF21D8
:10768200A9E0012301AA2946FFF75EFE010008D105
:10769200019800F10C01316028466946FFF7C7FEE8
:1076A20001460800ECD105F148020098206092F8EA
:1076B2000090D2F804C095F800801CF80940934A63
:1076C200002300E05B1C107A834229DA106810F86C
:1076D2002360B045F6D1B8F1030F09D1002600E0CE
:1076E200761C577ABE42EDDA5768BF5DBC42F7D1CD
:1076F20000EB830E95F820309EF80340DD2203F064
:1077020003007CB99EF8014003F0040604F004076C
:10771200BE42A4BF04F00304A0420FDB002212E029
:10772200032158E001260027344202D0F8B28342F6
:10773200F4D07F1C7600F8B20828F5DB1BB99EF85E
:10774200020000B10122012A05D1009A507A0028D4
:1077520041D1DD213FE0002A3DD1AA6A002112F188
:10776200010F05F1230305D1187800281CBF9C786E
:10777200FF2C10D0009D9C782D7A187820B9009BA0
:107782005868824208D206E0AC4204DB04D1009879
:1077920043689A4200D2DB2108001CD11CF8090080
:1077A200002209E0A568ED5CA84214D05B1C019C94
:1077B200A57FAB42F6DB521C019B5C7FA24209DA39
:1077C2005C6814F822309845F5D1B8F1030F02D164
:1077D2000023ECE7DC210846BDE8FE83F8B58AB059
:1077E20006AF0597109D119E129C022704970093E5
:1077F200039413460A4602960195092101F001F904
:1078020000B1E4200BB0F0BDF8B586B00D9E0E9C21
:1078120002933719059713460C9D02270A460497CF
:10782200039501940096092101F0BFF800B1E4200C
:1078320007B0F0BD38B50100344A08D10020908469
:10784200A02102F12800BDE83440FDF7F6BB938C7D
:10785200002100E0491C994209DA02EB41142C3460
:1078620025898542F6D1002020712060A07631BDA5
:10787200F8B525498A8C06460424002003E0AF8E21
:10788200B7420AD0401C904201EB4015F7DB04D10D
:10789200052802DA521C8A8401E0052809DA20212F
:1078A20005F12800FFF7A9FC164801896986AE8612
:1078B20000242046F2BD38B5144CA18C002500E00E
:1078C2006D1CAAB28A421AD204EB4212938E8342F0
:1078D200F6D1481EA08407E002F1280002F1480117
:1078E2002022FDF766FB6D1CA08CADB2854204EB35
:1078F2004512F1DB202102F12800FFF77EFC002077
:1079020032BD54430020E800001100000011C800FD
:107912000011DFF800F06DA90110DFF800F091A569
:107922000110DFF800F0FDA801102DE9F04385B049
:107932001C000D9EDFF834780D46904619D0DDF814
:1079420030906A460621204601F07CF900284A461A
:10795200414628460AD001F0FAFCB0B1616800F055
:10796200BCF918BF002100F0BEF90AE001F037FDB2
:107972000BE0016D07F1080001F0BDFE07F10803FD
:1079820002460621304601F02FFF6A6BD2B2394619
:1079920007F1080002F077F8397807F1080230465B
:1079A20001F03CFF71680A68002814BF45208D2051
:1079B20000F08DF905B0BDE8F08310B592B018461D
:1079C200159C6A4601A901F048FF009802F090F95F
:1079D2000246DFF898070FF62C01826002A802F037
:1079E200B4F902AA4021204601F018FF00F0C6F9BE
:1079F20014BF45208D2000F06AF912B010BD2DE9A8
:107A0200F043DFF864578846A1B06988299C491C75
:107A120017461E466980CEB1DDF8A0901CAA062149
:107A2200304601F00FF900284A46394640460AD04E
:107A320001F08DFCB0B1716800F04FF918BF002160
:107A420000F051F90AE001F0CAFC0BE0016D05F10A
:107A5200080001F050FE05F1080302460621204607
:107A620001F0C2FE681C03A902786878DFF8046797
:107A72000A700127002840F09980002101900091AE
:107A8200002306F2691818F8030078B1491C202B6C
:107A920005DA019807FA03F21043019006E0009814
:107AA200A3F1200207FA02F2104300905B1C402B64
:107AB200E9DB02A80DF10D0203780227C9B21029F1
:107AC200137038DC01A80DF10E0102680A600DF195
:107AD2001201009A0A600A270022B11891F869017E
:107AE20030B391F929308DF8003003ABDB199DF8E2
:107AF200000018707F1C91F9A9008DF80000FBB2FC
:107B020003A818449DF8003003707F1C01F229106D
:107B120003AB5FFA87FC6344007818707F1C01F2A4
:107B2200691003A9FBB2194403780B707F1CFFB2E2
:107B3200521C402AD1DB06F1240003A90268CA5173
:107B42003F1D06F5D670FAB2114402680A603F1D65
:107B520006F5D87000F0B4F806F5DA7000F0B0F867
:107B620006F5DC7003A9FAB2114402680A604021EA
:107B720006F12900FFF741FB402106F16900FFF7FA
:107B82003CFB402106F1A900FFF737FB402106F13B
:107B9200E900FFF732FB402106F22910FFF72DFB27
:107BA20040214046FFF729FB3F1D51E001284FD1FC
:107BB20006F122010DF10D020B78137002204B78B1
:107BC200537006F112010DF10F020B781370172793
:107BD2004B78537006F114010DF1110200F06BF8AD
:107BE20006F10E010DF1130200F065F806F1100125
:107BF2000DF1150200F05FF806F116010DF1170202
:107C02000B7813704B78DFF86C1553700DF1190275
:107C12000B7813704B78DFF8601553700DF11B026F
:107C22000B7813704B78DFF8541553700DF11D0269
:107C320000F041F8291D0DF11F0200F03CF8A91DCA
:107C42000DF1210200F037F800213182F1606870F5
:107C520003216878401C90FBF1F101EB4101401ACD
:107C62006870FAB221208DF802007F1C03A810442C
:107C72002122027001208DF80100FAB203A81044FB
:107C820001220270F3208DF800007F1CFFB203A8CE
:107C9200C019F32202707F1C03AAF9B2204601F038
:107CA200BDFD00F06BF814BF45208D2000F00FF8E9
:107CB20021B0BDE8F0830B7813704B785370704796
:107CC20003A9FAB2114402680A603F1D704722F408
:107CD2007F4242EA00220A6070470A68C2F3011139
:107CE200012982697047520841EA420181610023F9
:107CF20000227047E0B518466A4601A901F0ADFDC1
:107D0200019838B9059840680268802161F30F2212
:107D1200026007BD0099019A00208854009801F082
:107D2200E7FFDFF85C14488002F075F802F0AAFD64
:107D320007BD2120212218B589B003218DF8020048
:107D420001A8027001208DF8010001220DF1050049
:107D52000270F2208DF80000F2220DF106000D9C57
:107D62000270204601AA01F059FD00F007F814BF85
:107D720045208D20FFF7ABFF0AB010BD61680A688D
:107D820000287047DFF8002478B5DFF8FC63DFF8DD
:107D9200FC331D882223D6E900012D1A22201580EA
:107DA20089B00DF101018DF8010001A803704B7833
:107DB20011780F9C437002208DF8000002230DF110
:107DC200050003700DF1060001705178417001AA9F
:107DD2000421204601F022FDFFF7D0FF14BF452009
:107DE2008D20FFF774FF0AB070BD2DE9FC4180467B
:107DF200002207210FF23040DFF8745301F01EF920
:107E020068600122DFF88C13416085A6016841F0A9
:107E12000401016000920021019182A73B460222E7
:107E2200314601F033F9696800F087F80022092130
:107E32000FF2FC3001F002F90446D648A06000F0CF
:107E42007FF800F079F800220A210FF2EC3001F0FD
:107E5200F5F80446D148A0600121D04860603B4655
:107E6200D048E06000910020019000F06EF800F030
:107E720063F8002207210FF2CC3001F0DFF804464C
:107E8200C948A0600121C84860603B46C848E0601C
:107E920000910020019000F058F800F04DF8002207
:107EA200032161A001F0CAF80446C148E06000F075
:107EB20047F800F041F8002209210FF2903001F05A
:107EC200BDF8E8603B460168BB4A41F0040101602D
:107ED20042600122B949C16000F027F8E96800F068
:107EE2002CF8002208210FF2703001F0A7F8286167
:107EF2000122B24901613B46B249C160B2494160C7
:107F020000F013F8296900F018F8002204210FF29A
:107F1200543001F093F80146AC484860AC48C86060
:107F22004046BDE8FC4101F016B9009200210191E2
:107F32000222314601F0AAB82146404601F00BB9AF
:107F420001210020019000913B4602223146204649
:107F520001F09CB818B50C4685B0024611460DF1E9
:107F620002001022FDF715F8ADF81240684603F042
:107F720061FA06B010BDFEB5964D964E2B7836F8D6
:107F8200130020B179488188491C8180F7BD0B9C80
:107F9200702C0FDC9148076891480078A021484373
:107FA200391870208F4F434304F13002F818FCF760
:107FB200F0FF01E004F07DFC287826F81040284606
:107FC20004F00CFD0221874800688DF800100022A1
:107FD2006946FFF7A2FC012803D083484188491C67
:107FE2004180F7BD1CB58148824CA38801900021D5
:107FF2005F4844690091002204F1180005F000F97D
:1080020013BDE0B5042001E0E0B505208DF80000C5
:108012000022744800686946FFF77FFC07BD000034
:10802200000063740000300000006C6564002DE9FC
:10803200F84F88B005F025F905F0B7F905F0EBF92E
:1080420005F005FA05F085FA05F013FB05F0EBFBE8
:1080520005F09BFD6848454CDFF87C81674EDFF8F0
:108062009C91DFF89CA105F0EEFD002104F11800BF
:10807200FFF770FF60616427FFF7B7FE46F2A810B2
:10808200FFF747FC684606F0ACF80021684606F0A8
:10809200E2F8544801680291062549E0304604F0AE
:1080A2009DFCD4F814B0584603F05CFB584603F02C
:1080B20030FE32E00128F1D109F1380006F09FF9D3
:1080C200627838B3A168104690FBF1F301FB13010B
:1080D20021B961680B6843F001030B60062190FB34
:1080E200F1F105FB1100784304D1E068016841F029
:1080F20001010160521CA068D1B291FBF0F300FBB8
:10810200131038B9062091FBF0F005FB10117943EA
:1081120008BF0022627003F0D0FE9DF80000022822
:1081220003D13278002128F81210022006F0C5F996
:1081320002984FF0FF326946FFF7F3FB207820B137
:108142005046FFF7E6FB06F080FA022006F0ABF994
:108152009DF80000052802D102F0FFFDDDE70428AA
:10816200A8D1FEF72AFDD8E70000803B0020100DC1
:108172000020802D00204A45002040450020424535
:108182000020F442002006450020280100114E453F
:1081920000202D7900008BC3000007C4000005C534
:1081A20000006FC50000FBC5000099C6000031C782
:1081B2000000BD790000017A0000F77C000051C880
:1081C2000000A5C7000033C70000357D0000877D91
:1081D20000005E450020D84400204C0D0020380DE0
:1081E2000020642F0020349B0100BC440020797FD2
:1081F2000000B0440020E77F0000650E0020600709
:10820200002020A1070073657420667265712074D6
:108212006F2065766572792025642031302D736C6C
:108222006F74730A000073656E736F727300686116
:1082320072705F696E6974000000686172705F69D4
:10824200666163650000686172705F7370006469E3
:1082520061676E6F736973000000736368656475AC
:108262006C650000000070696E670000000080B558
:108272000222032801DB022002BD214B187019B92A
:10828200002006F0F0F90246104602BD80B516F055
:10829200E4FE1C4908600020BDE8024016F0F0BF71
:1082A20013460A460146184806F00EBA1046194609
:1082B200174A00231371164B1B68002B1CBF083290
:1082C20018477047134A1060134806F020BA80B569
:1082D2001248124BB0F9001018680122FCF751FC49
:1082E20000B1012002BD10B5044606F048FA0100B3
:1082F20004BF0B490C8010BD0A480088704717F074
:108302002DB8E81F0011BC1F00118F820000C03C75
:108312000020C01F0011AF820000F80700200408EF
:108322000020DC1F001138B5002450B11D0003D11C
:10833200FFF7F3FA28B103E0012B02D1F8F759F95C
:108342000124204632BD10B570B11C0002D1FFF7E6
:10835200E8FA04E0012B06D11146F8F756F90400B9
:1083620002D0012400E00024E0B210BD70B5060086
:108372000D46144618BF54EA050011D03046FAF7EC
:1083820028FE1CB121463046F9F79DFA1DB1294657
:108392003046FAF737FE3046BDE87040F9F797BA33
:1083A20070BD10B5040006D0FAF713FE2046BDE8F2
:1083B2001040F9F78CBA10BD002818BFFAF717BEA3
:1083C200704780B54FF480710122084616F0DBFF3A
:1083D200114901220A6000201049086001BD38B528
:1083E2000F4CE16848055CBF0020FFF7EAFF2068F8
:1083F200C007FCD50B4C084D21684A680220904703
:1084020003E021684A68022090472A689042F8D027
:10841200286080B232BDA802504214450020088074
:108422000240CC01001010B5044661886068FEF776
:10843200E4FE218860884143A068BDE81040FEF751
:10844200DCBE10B543884468002200E0521C9A4208
:1084520009DAA15C0029F9D10121A15481680088BF
:108462004243881810BD002010BD30B58268448890
:108472000588002301E02A445B1CA34209DA8A42F0
:10848200F9D14268D15C09B1491ED1544068C05C3F
:1084920030BD4FF0FF3030BD8268914207D3438830
:1084A20000884343D01881428041C00F70470020AA
:1084B20070479349944A4B78002088804880302046
:1084C2000870BA204343D01800F13A020A678DE0DF
:1084D20070B504460D46FFF7ECFF894E306F812DD3
:1084E200A8BF80252A462146FCF753FD7580284601
:1084F20070BD70B58349834D4E780B78BA214E43D7
:10850200A919C3F13004194422460A31FCF741FD8E
:10851200204670BDF8B57A4D2E7807466888C6F1B8
:1085220030040019812801DB0020F2BD6B78754907
:10853200BA204343C818304400F10A0122463846A3
:10854200FCF727FD286FA988014476426A88B8198A
:108552003030FCF71EFD68880019F2BD10B5684A7C
:10856200137883420CDBC3F130045188E4B20C1956
:10857200A4B20419812C03DA181A1070012010BD5C
:10858200002010BD5F49488070475D495E4A4B78C4
:108592008988BA204343D01808443A307047584972
:1085A200594A4B780978BA204343D01808440A3014
:1085B20070475348016F4378534ABA204343D01857
:1085C20000F13A02914201D0012070470020704729
:1085D2004C48006F70474A48408870474B4A4949A7
:1085E2001378BA204343C8180089704710B5444C29
:1085F200682104F10800FEF700FE6378424ABA20BF
:108602004343D0180021002200F8112000EB41035F
:10861200491C04295A70F7DB10BD38B50C46384D99
:10862200682205F10801FCF7B4FC00F015F80168B6
:1086320021604168616031BD38B50C46314D01465B
:10864200682205F10800FCF7A4FC00F005F8216897
:1086520001606168416031BD6A782A49BA204243AB
:1086620088187047274A02EB80008160012070471A
:1086720038B5234C244B6578BA2255435A1902EB7C
:108682004002A2F1340016F096FE012032BD10B570
:108692001E4B1C4A1C78BA214C43111901EB4000B5
:1086A200343810BD0178491C01EBD1725210A1EB94
:1086B20042010170704710B5154C02E06420FFF7CB
:1086C20028F920780028F9D10121217010BD0F4925
:1086D2000020087070470E490620087070470D4848
:1086E2000121418041F23361818044F6FC61C18005
:1086F2004FF49E4101810A21017028214170704787
:1087020000006C1E002024310020640E00205A4517
:1087120000205B450020B0440020401810F0030305
:1087220008D0C91A1FD3DB0748BF00F8012D28BFA4
:1087320020F8022D130030B414461546103928BF14
:1087420020E93C00FAD8490728BF20E90C0048BFBD
:1087520040F8042D890028BF20F8022D48BF00F8F8
:10876200012D30BC7047C91818BF00F8012DCB0786
:1087720028BF00F8012D704700000300002013F00D
:10878200030F09D0521E22BF13F8010B11F801CBBF
:10879200B0EB0C00F3D0704711F0030F14D1121F8D
:1087A20022BF53F8040B51F804CB6045F7D0121DD9
:1087B2000AD200BA9CFA8CFCB0EB0C0038BF6FF006
:1087C200000088BF01207047521E22BF13F8010B20
:1087D20011F801CBB0EB0C00F6D0521C08BF1046CA
:1087E200704780B550216D48FCF727FC6D4A002088
:1087F200108001BDF8B504460025684E694F00E0BF
:108802006D1C3988A8B288420DD2214606EB0010B1
:10881200FDF720FD0028F3D02DB2002D03D406EB86
:1088220005100089F2BD0020F2BD70B500F02BF8F2
:10883200002200E0521C95B29D420BD204EB0515BA
:108842002E898DB2AE42F5D112B2002A58BF04EB86
:10885200021100D55449BDE870400822FCF799BBCB
:1088620070B500F010F801460520002200E0521C0D
:1088720095B29D4205D204EB05152E898E42F6D1A2
:10888200104680B270BD464B454C1B887047444A27
:108892001388984204D2414901EB00104089704785
:1088A2004FF6FF70704710B53E4B1C88A04203D2B2
:1088B2003B4A02EB0010418110BD394A13889842AD
:1088C20004D2364901EB0010C06870476FF0010016
:1088D200704710B5334B1C88A04203D2304A02EBDA
:1088E2000010C16010BD2DE9FC4781468846002674
:1088F200DFF8ACA02B4C11E00AEB05110AEB0510D6
:1089020010311022FCF755FB6D1CBD42F4DB102127
:108912000AEB0710FEF771FC761E761C2188B0B2B6
:10892200884216D20AEB00110889484508D0B8F1EE
:10893200000FF2D008224046FFF71FFF0028ECD1BB
:108942004846FEF7B8FF2088471E2780B5B2BFB25F
:10895200DBE7BDE8F387F8B505460E46FFF7C3FF30
:10896200104C2088052817D00D4F000107F108018F
:108972000D5238444FF6FF7141813146FDF74FFCED
:10898200218807F108000901405AFEF771FF20888B
:10899200401C20800120F2BD0020F2BD0000F44006
:1089A200002052450020CC9F01002DE9F84388B0F9
:1089B20000F075F88146002100F060F800F059F8E7
:1089C20010F1010F009017D000F05CF8DDF844E0E0
:1089D2008DF806608DF807800294039505908DF856
:1089E20018100493ADF81AE000F053F800F03CF8C8
:1089F20000F037F8204603E000F033F84FF0FF3084
:108A02002CE02DE9F84388B000F049F881460221B4
:108A120000F034F800F02DF810F1010F00901AD098
:108A220000F030F8DDF844E08DF806608DF807803C
:108A32000294039505908DF818100493ADF81AE08E
:108A420000F027F800F010F800F00BF8200018BF33
:108A52000120C0B202E000F004F8012009B0BDE834
:108A6200F0834846F8F74BBF04463868694606F07B
:108A720010B838682A46314606F01DB801A8134FCF
:108A820005F0F0BE109D009E15981499139A129B42
:108A92007047ADF81C2001A9386806F048B80546B1
:108AA2000E4690461C46F8F726BF38B5044605F038
:108AB200A3FE064D281D05F0AEFE2A1D002120460C
:108AC20005F0FCFE0028286000D1FEE731BDA04A77
:108AD200002030B50029034636D0047824091480DA
:108AE2000D2C057805F00F0555600CD012D30F2C14
:108AF2002AD00FD200F02DF81480491E158840F2BA
:108B02000D14A54220DBF9B1158810F8014F651943
:108B1200491E158054680D2C08D00ED30F2C13D08B
:108B22000BD289B100F015F8491E546061B1556845
:108B320010F8014F6519491E556029B1401C90601B
:108B4200491E5268914201D2002030BD1044C01A21
:108B520030BD10F8014F240204F20D14704770B5B5
:108B620006460D46144614212846FCF766FA70683C
:108B72000278011D02F00F020A44AA6071894318AB
:108B82009A4205D3686840F480306860002070BD66
:108B9200007800F00F00091A091F29604CB105F195
:108BA2000C002168016061684160686840F400302F
:108BB2006860284670BD3EB505466968C1F300404D
:108BC20038B9286800281FBFA86800280078FF2845
:108BD20002D141F4803169606868C0F30040B8B1E5
:108BE20014E0A8880106C90E08290BD2C1B205EB10
:108BF200D10200F00700117BC14001F00101002900
:108C02001EDC05D5686840F48030686000203EBDF7
:108C1200AC6829686A462046FFF75BFF0028F1D05E
:108C2200A9680144A9602968081A2860BDF80010E3
:108C3200A8880818A8806868C0F340400028D0D1EE
:108C420020463EBD7CB514460023CDE90033CA0858
:108C5200082A09D21DF80250012601F0070106FA7E
:108C620001F129430DF802106A462146FFF777FF0A
:108C72002046FFF7A0FF76BD01460A7802F00F00FA
:108C820002F0F002D02A05D0E02A02D0F02A0AD05F
:108C920001E0491C491C4A1C0D280BD00DD30F289A
:108CA20001D002D309E00020704712F8010B000244
:108CB20000F20D1012F8011B081880B270470278FA
:108CC200012102F0F003D02B05D0E02B02D0F02BD3
:108CD2000BD001E00221491C02F00F020D2A07D03D
:108CE20007D30F2A01D002D303E000207047491CAA
:108CF200491C0844704738B5002499B315460D2D18
:108D020002DA1201027014E00D3AB5F5877F06DA35
:108D1200012927D9D02404704270012409E00229D4
:108D220020D9E024A5F20D1504702D1245700224FD
:108D320082700D2B05D2017803F00F030B430370F1
:108D42001BE0651CB3F5877FA3F10D0207D2A94290
:108D520008D3017841F00D0101702C460CE0A41CEF
:108D6200A14201D2002032BD017841F00E01A3F2EE
:108D72000D1301701B0A43550255601C32BD2DE9CB
:108D8200F041069F1C46064688463B46FFF7B3FF66
:108D9200050004D07019A8EB0501B94201D20020E8
:108DA20005E01CB13A462146FCF7F3F87819BDE814
:108DB200F08180B502780B789A4202BF428A4B8AD0
:108DC2009A4208D11022891C801CFFF7D6FC401E53
:108DD2008041C00F02BD002002BD10B5DFF8A448DB
:108DE2002046FFF720FB04F10C00FFF71CFB04F107
:108DF2001800BDE81040FFF716BB2DE9F8430F68D5
:108E02000568BD4214462CD3FBB14668D1F80480F4
:108E12003DB3B1462A462021484616F0D8FA06004C
:108E220005D0A6EB09002D1A6D1E761C01E028461E
:108E320000250CB98742EBD13A4641464846FFF736
:108E42009CFC0028E4D101200CE00CB9AF4208D10F
:108E5200496840683A46FFF790FC401E8041C00FC7
:108E620000E00020BDE8F2832DE9FF4F89B04FF00A
:108E720000080B98169D049100270A9902680C9825
:108E8200089001EB02090FF61C020024D2E900014E
:108E9200CDE90101C246002DD34641D02846FFF755
:108EA2000EFF83462846FFF7E7FE874205D21BF8EE
:108EB20007003D2818BF7F1CF4D19CE0083671687A
:108EC20049B132689742F9D15846FFF756FC00285B
:108ED200F4D144F004042846FFF7F1FEC019401C07
:108EE20002902846FFF7C8FEC01B401E0190029860
:108EF20001782F2906D1E20704D5401C029001987F
:108F0200401E0190019858B102980199014411F84C
:108F1200010C2A2804D10199491E019144F002044E
:108F2200DFF86007CDF81CB062108168049DCDF8AF
:108F3200189002F00102039200268B4613E0761C81
:108F4200491B00910CAB6A462946584600F022F9AB
:108F5200002862D420F0704005440098861908F178
:108F620001080BF1380BDFF818074188884554DAFD
:108F7200406810F808000028F1D057B3E00708D580
:108F8200039AA31001A90BF12800FFF736FF00BBDB
:108F9200E5E707993A46584600F09AF80028DED0ED
:108FA20001690A78222A06D1C168891E04910069E2
:108FB200411C059105E000F10C02D2E90001CDE966
:108FC2000401039AA31001A904A8FFF716FF0028C1
:108FD200C5D00699BAF1000F08BF4FF0010AAFD011
:108FE2008D42ACD20C98002807BF2C2205F8012B29
:108FF200401E0C90A3E72846FFF73EFE87428FD221
:10900200042F07D104220FF28C615846FFF7B5FBFB
:1090120000B901240FF2986651E70B990E600A9984
:109022000B9B089A681A0C991D681218521AAA42C8
:1090320038BF40F080400DB0BDE8F08FF8B505466E
:109042000E461746DFF83C06FFF7FBF904001BD07B
:109052003821FEF7D2F804F11800E0610020A06187
:10906200E06916F0E0F904F120006062002020625D
:10907200606A16F0D8F9E562A66204F11402E06AA9
:10908200314616F038FA27632046F2BD2DE9F04149
:1090920007000E4614BF002E002090461D4615D034
:1090A200DFF8E405FFF7CDF904000ED0C4F8048020
:1090B200002D079914BF06980020E060A660256184
:1090C20061612146F86916F0BBF92046BDE8F081DE
:1090D20070B50D46002818BF002D164613D0C06982
:1090E20016F0A4F901E000F03BFA04000BD060682E
:1090F200B042F8D1A06832462946FFF73EFB00286D
:10910200F1D1204670BD002070BD78B504460D46F1
:1091120087B004212846FEF770F80021CDE900113E
:109122006A4641F008018DF80110204602A9FFF7B6
:1091320016FD09E0FFF7A0FD06462046FFF7BFFD3A
:109142002A46314616F043FA02A8FFF734FD04001E
:10915200F0D108B070BD70472DE9FC41DFF824055D
:109162008568478844688846002601E03835761CC1
:10917200BE420CDAA15D0029F8D00422414605F175
:109182001400FFF7FAFA0028F0D1284600E0002088
:10919200BDE8F6812DE9FC47074610681C6801EB23
:1091A20000088A460020C245106007D218680028CD
:1091B20007BF3C2001F8010B401E18601068401CDC
:1091C2004145106007D21868002807BF2F2001F818
:1091D200010B401E18601068401C10604FF0000C1C
:1091E200B86A844569D2414509D2186810B1401E57
:1091F200186004E0F86A10F80C0001F8010B0CF199
:10920200010C1068401C1060EAE73168491C3160AB
:10921200F86916F00BF96EE03268521C32600023D6
:109222004868834257D2C14508D2286810B1401E0F
:10923200286003E08868C05C09F8010B5B1C306899
:10924200401C3060ECE73068401C30600022C86887
:1092520082424DD2C14508D2286810B1401E286012
:1092620003E00869805C09F8010B521C3068401C5D
:109272003060ECE73868C0F3800090B100210FF253
:109282001C42C14507D22868002807BF505C09F874
:10929200010B401E28603068491C401C04293060C4
:1092A200EFD32968A9EB0A002418641A31688C42AA
:1092B20038BF40F08040BDE8F687414516461D465E
:1092C2008946A2D22868002807BF3E2009F8010B70
:1092D200401E286099E7086950B1C145B3D2286899
:1092E200002807BF3D2009F8010B401E2860AAE7AD
:1092F200084616F0DEF80100BCD0C1458CD22868C1
:10930200002807BF3B2009F8010B401E286083E7B5
:1093120070B5406A0E46154616F088F8040012D061
:109322003146201DFFF745FD50B175B12A68E0694D
:10933200824205D1686804F12001FFF71EFA20B1CC
:1093420000F00EF9EAE7002070BD204670BDF8B5C6
:1093520006460F461446FFF7DBFF08BBCB48FFF774
:1093620070F8050001D10020F2BD16F04AF914226E
:109372003946281DFBF70DFE002C1CBF2068002873
:1093820009D0E8610246082A616888BF082205F10F
:109392002000FBF7FEFD706A294616F051F82846B8
:1093A200F2BD2DE9F041B64CA7680D469046002665
:1093B2000FE06068F1B2405C48B142462946384647
:1093C200FFF7A6FF18B1816921F060018161761C67
:1093D20038376188F0B28842EBD3BDE8F08138B506
:1093E2000546FFF795FF040009D0686A214616F08A
:1093F20046F82146BDE83440A448FFF736B831BDEF
:109402002DE9F84F0F4684B039688046C1F38000D9
:10941200002818BF11F0030F00F09B8021F0020119
:109422003960D7F804A0786ADFF8649215F0FEFF7D
:10943200040008F14C0643E0211D404602F0DFF82B
:109442008346A06920F01E014008401C400000F045
:109452001E0008431AE0086820F03000086002A9E4
:10946200009101950023221D39464046D047686885
:109472000168C1F3011000282A46DDD1211D4046B2
:1094820002F0DBF88346A06920F01E001BF1010FF9
:10949200A06104D068680168C1F3011068B1284670
:1094A20000F081F91BF1010F07D1A06940F08000A3
:1094B200A061396841F00201396000F051F80400FE
:1094C20041D03878C10704D4A069C0F3C010002885
:1094D200F3D0A06920F08000A061A4230022002123
:1094E200002000F032F90500DFD0E16904F120022A
:1094F20000F05DF958B9A06940F08000A0612846EB
:10950200396841F00201396000F04DF9D5E7E069B0
:10951200029004F1200103913088401C308080B217
:1095220003F01EFE69684880A069C20793D599F8C6
:109532000020C0F3430090428DDA0A68012060F3F4
:1095420005120A608BE77068401C7060786B401CE3
:109552007863396849084900396005B0BDE8F08F81
:10956200204615F0A6BFF8B5464DAE680446002762
:1095720008E06868C05D18B131462046FFF740FF39
:109582007F1C383668888742F3DBF1BD2DE9F84F3E
:109592003C4DDFF8FCB0AE68804689469246002713
:1095A2006888874241DA6868C15D00293AD0706AEA
:1095B20015F03CFF040035D0211D4846FFF7F9FBAA
:1095C20080B3DAF80020E06982422BD1DAF8040095
:1095D20004F12001FFF7D1F820BBA069C0F34111CB
:1095E200022916DD706A214615F049FFA06920F0B4
:1095F2006000A06104F12002BBF80010491CABF826
:109602000010211DE369404602F054F900F00FF802
:1096120008E020F060014009401C400100F06000B9
:109622000843A0617F1C3836BAE7BDE8F18F2146B6
:1096320005F11800FEF719BFF8B5114DAF68002605
:109642000BE0786A214615F01AFFFFF7F0FFFFF7EB
:1096520087FF0400F5D1761C38376988F0B288425A
:109662000DD26868F1B2405C00281EBF3868C0F3B2
:1096720080000028EFD0786A15F0D8FEE9E7F1BD46
:10968200000098020011A4020011B0020011B044BF
:109692000020863B002068726566000000003B6F78
:1096A20062730000000000000000000000000200E1
:1096B2000000F09F010002000000F49F010003007F
:1096C2000000F89F010000000000000000000146B9
:1096D200002001E04908401C0029FBD1704710B569
:1096E20002460020002303E0D45C04EB00205B1C54
:1096F2008B42F9D310BD10B5034600200A4662B171
:1097020004283CBF120A401CF9D306E01955090A85
:109712002246541E002AF9D110BD0446F8E75D48DE
:10972200FEF781BE38B50D46044605F11001FBF780
:1097320084FC256004F1100060600121026861F37D
:10974200871202600420608131BD2DE9F04180461C
:109752001E46301FA1280D46174628BF002014D2EE
:109762004D48FEF76EFE04000ED03146FFF7DAFFD9
:10977200606847806068016868F30511016060688D
:10978200016865F30F2101602046BDE8F08180B5D4
:109792004FF6FF7003F0E4FCBDE800500246A4233C
:1097A20000210020D1E701463B48FEF75EBE38B5F6
:1097B200044610460D1D24B1092902D22268AA428C
:1097C20001D2002032BD63681A6861F303021A6095
:1097D20021B10A460146181DFBF7DBFB0020208160
:1097E200E0606581012032BD7CB504460020E06066
:1097F2000D462089814201D2002076BD6689009201
:10980200281A82B221686068891B3044FFF7B7FAD0
:1098120018B1618925814118618176BD38B50C0086
:109822000546114617D068892A6823185B1C9A429C
:1098320001D2002032BD6A681044E860FF22027043
:10984200E868421CEA602246E868FBF7A2FB6889E6
:10985200641C24186C81012032BD10B5C36823B189
:10986200446840892044C01A00E000201360086068
:10987200106800B1012010BD0022074B00E0521C0D
:1098820013F8321029B18142F9D103EBC2004068CA
:10989200704700207047F0020011DC0100117FB513
:1098A20015460C462968A1424FD36A6801781368AD
:1098B200890961F3871313600178090961F30513BC
:1098C20013600178136861F303031360417813682E
:1098D20061F30F2313600021E9601368C3F30721CA
:1098E20021B9042C08BF13F00F0F2ED103F00F0380
:1098F200191D8C4229D3092B27DA811C0B7802F817
:10990200023F4B785370011D6B68221F181DFBF735
:1099120040FB68686C8110F8041B01F00F01641AA7
:10992200241F461807E06A4621463046FFF7D1F861
:1099320058B10644241A34B13078FF28F3D1641E9A
:1099420003D0701CE860012000E0002004B070BD6C
:10995200000038B50C461946237815461844FBF723
:1099620018FB20782D18257031BD0CB40B780344F8
:109972001A7001AB0A78521C0A70D2B210441A78DB
:1099820002700878401C087002B0704770B58AB047
:1099920004460D4603A803F079FC854E10B1BDF8CC
:1099A2000E00708202A803F0EAFD10B1BDF80800B3
:1099B200708001A803F069FD08B1019870606846E3
:1099C20003F0EBFE28B1BDF802003080BDF80000C4
:1099D200308106A804F05FF840B1BDF81E00708126
:1099E200BDF82000B081BDF82200F08104A804F087
:1099F200F2F80498B06202239DF8140086F82C0055
:109A0200112200F0E0F8334600F0E0F802231222BF
:109A120000F0D9F8B31C00F0D9F80423132200F0A7
:109A2200D2F8331D00F02BF80223142200F0CBF8F9
:109A320006F1080300F0CAF80623152200F0C3F865
:109A420006F10A0300F0C2F806F10C0300F0BEF8BA
:109A520006F10E0300F0BAF80423242200F0B3F852
:109A620006F1280300F00BF80123252200F0ABF8E1
:109A720006F12C03012200F003F80AB070BD0422A3
:109A82002946204665E7F0B504460D4695B000200C
:109A920028702046FFF77AFF464F464E4FF4FA7081
:109AA200F884454890F8291045487974018839743A
:109AB2003078012807D10021317004F0CAFC082057
:109AC20004F0F1FC45E0082004F0F7FC01A804F0E2
:109AD2000CFD082004F0E7FC05983A8C0A21B0FB43
:109AE200F1F1B9830A210698B0FBF1F179830A21D9
:109AF2000798B0FBF1F1F9820A210F98B0FBF1F15E
:109B020039830320F98B05AB53F82030591801AB88
:109B120003EB8003401C1B6B08281A44F3DB89B259
:109B22000A2091FBF0F0F88393B20A203A8493FB67
:109B3200F0F03884042300207884B8841C2200F0DA
:109B420042F807F11E0300F041F807F1200300F08C
:109B52003DF80223182200F036F807F1120300F054
:109B620035F800F096FDADF802000223BDF80200C0
:109B720070801F2200F027F80DF10203022229460D
:109B82002046FFF7E6FE0223202200F01CF80C4BD1
:109B920000F01CF8F1208DF800000123212200F0D2
:109BA20012F86B46012229462046FFF7D2FE15B075
:109BB200F0BDC80000202003001150420020C6441E
:109BC20000202001001129462046CEE60222294625
:109BD2002046BEE600002DE9F84F84B00BB1002408
:109BE2001C600446254600E06D1C2878A0F109039C
:109BF200052BF9D32028F7D02D2816BF2B2815F8CE
:109C0200018B4FF02B08002A019103D4012A01D0C5
:109C1200252A03DB002947D00C6045E0002A0ADD33
:109C2200102A04BF2878302802BF697841F0200149
:109C320078290ED10AE02878302818BF0A2208D1E4
:109C4200687840F02000782802D11022AD1C00E094
:109C52000822039500E06D1C28783028FBD04FF0D5
:109C6200000925A02E46CA4602908DF800009346B0
:109C720007E09DF80070C71BCA46FFB20BFB0979CB
:109C82006D1C2978A1F141001A28029838BF2031B1
:109C92005A4615F09CFB0028EBD10399A94248468D
:109CA20004D1019800B1046000201EE000BF1CA195
:109CB200AE1B11F80B10761A002E0FD405DCC71B51
:109CC20003D3B7FBFBF1514508D0AFF300800498F2
:109CD20008B1012101604FF0FF3003E0B8F12D0F10
:109CE20008BF4042019901B10D6005B0BDE8F08F97
:109CF200FFE700230A2200216DE730313233343589
:109D0200363738396162636465666768696A6B6CA5
:109D12006D6E6F707172737475767778797A0000F0
:109D2200000000002115110E0D0C0B0B0A0A090987
:109D320009090908080808080808070707070707A4
:109D4200070707070707070000000CB430B583B008
:109D5200044606A802900A4600250194009502AB2B
:109D620001A9084878441E3015F05CFC01990D7079
:109D720000284EBF04460198041B204603B030BCA5
:109D82005DF80CFB00BF2363FFFFDFF800F0E5C1C5
:109D9200011011040270090E41700371110C8170DF
:109DA200110EC1707047F4E750B50478427801791A
:109DB20044EA02268478C27846EA044646EA026405
:109DC200204650BD38B51446DFF8042A156CE28BE4
:109DD20000238018AA8B5941F9F71DFC92B205EBBA
:109DE2004200DFF8EC29C18B907D00B10146A181D0
:109DF20031BDDFF8D8190A78012A04BF4B78012B4C
:109E020008D18A8880184A8880B290FBF2F302FB5C
:109E120013008880704780B505F097FFDFF8B0091E
:109E2200006C00214173017301BDF8B5079F06461E
:109E320014461D460121384605F0B5FB012804D021
:109E4200052004F0E6FB0020F2BD042004F0E1FB53
:109E520000F04CF8B87DDFF87429DFF87819012892
:109E62000FD1DFF86C09837CFF2B03D0DFF86C097C
:109E72000078B881B889487290880872C1E90045B3
:109E820008E038B901F12800BB894370928802705A
:109E9200C1E90845314622462B46384605F09DFB6E
:109EA2000120F2BDF8B50646079F14461D46002064
:109EB20004F0AFFB00F01AF8B97DDFF810090129B0
:109EC20006D1DFF80C29917CFF291CBF427ABA81A6
:109ED200DFF80C19BA894A7280880872C1E9004514
:109EE2003146384606F02FF90120F2BD3A462046A7
:109EF200294667E7F8B5079F064614461D46FFF751
:109F0200F5FFDFF8D008B9894176DFF8C0188A88F2
:109F12000276C0E904450421384605F044FB0128D5
:109F220010D115F09AF802462D21042015F0B8F947
:109F3200042004F06EFB22462B463146384605F0DB
:109F42004CFB06E0002004F064FB3146384606F084
:109F5200FAF80120F2BD2DE9F84FDFF87078B969FF
:109F6200D7F840A00E18397A00291CBF386D002896
:109F720013D09AF8090000281ABF396DB1FBF0F02E
:109F8200386D397A012908BF861903D03C7A022C30
:109F920008BF361A00203872386515469946504671
:109FA200FFF702FF04460020814508BF854288462C
:109FB20023D0D7E90401494503D82EBFA84205465C
:109FC20089462D1B69EB0809B9F1000F01D8022D52
:109FD20013D3681E69F10001241848EB01082246D8
:109FE20043465046FFF7DFFE681E80B2FFF701FFCF
:109FF200BA696D1EA2FB05AB56440A98800702D5CA
:10A0020001202D3EF87215F028F8801D311A12D564
:10A01200811BB869B1FBF0F56D1C0020621948EB99
:10A022000003386CFFF7BFFEA8B2FFF7E2FEBA6981
:10A03200A2FB054836193046BDE8F28F80B5DFF83D
:10A04200A0070068012300220021FEF76CF900201E
:10A0520002BD70B51320FDF741F80446FDF7B1F8D3
:10A06200054605220FF2D071FAF793FFDFF8781751
:10A072000A68681D02604A68DFF8701742600A6861
:10A0820040F8082F00F108054A6842602046FDF7B3
:10A0920098F82E1AF1B22046FDF77EF82046FDF719
:10A0A20090F80546DFF82C07C07CFEF71CF9FAF79A
:10A0B20084FB00F59C4000F12002F1B22846FEF735
:10A0C200EFF82046BDE87040FDF726B82DE9F047CD
:10A0D20086B0FFF75AFEDFF8F416486506F0A3F8DB
:10A0E200DFF80C170A68D36940F201409847DFF89D
:10A0F200001701200860DFF8FC0601688907FCD51B
:10A10200DFF8CC660020FEF75CF9FCF7E4FFFCF711
:10A1120010FFFDF792FADFF8D016F12004F099F85B
:10A12200DFF8D8160020088000210220FEF79FF8F1
:10A13200FFF78FFF4FF0FF30B065DFF8C0060590E4
:10A142007EE0DFF8BC06C188491CC18015E0DFF85B
:10A152008006C07FC10707D50098012804D1039863
:10A16200394606F064F908E000F045F9FFF79AFE77
:10A1720003E000F040F9FFF7BDFE3178012904BF8A
:10A18200707800280DD1316C01F5A870311D8288DC
:10A192007280009151460378404606F0B4F80120DF
:10A1A200707022469DF8080000904B460498FFF715
:10A1B200D2FE074614F051FF0599DFF848360860D1
:10A1C20001220598476000200090F76300F0C0F973
:10A1D20014F043FF3F1A4FF47A7047433F0CDFF805
:10A1E20028164F430246D6E90401B7FBF2F2643265
:10A1F2008A4508BF8045B26522D1DFF81006007893
:10A20200012809D1DFF80C0602682AB112208DF864
:10A212000000002168469047DFF8B825907CFF28AF
:10A222000AD0B17A491C91FBF0F300FB1310B07213
:10A23200B07A1044C17C717200210120FEF75FF8F0
:10A24200DFF8A005B26D006801230021FEF77BF85C
:10A252008DF80000002415F04DF8376C8DF8084099
:10A26200A146387B0028EBD03978491C3970C9B235
:10A2720089B97978491C7970C9B261B9B978491C30
:10A28200B970C9B239B9F978491CF970C9B211B9B2
:10A292003979491C39710120FFF7ABFD3846FFF7C8
:10A2A20083FD8046DFF82C05C07D8A46B7F854113D
:10A2B200484301900546404651462A460023F9F795
:10A2C200AAF9401C61F1FF31A0FB052301FB053314
:10A2D200501E63F10001C6E904018A4508BF8045AA
:10A2E20003D101210120FEF70AF8326CDFF8E414F1
:10A2F200B2F854014A895043401CBAEBE07F08BFD0
:10A3020080450AD1DFF80C05026832B114208DF8BD
:10A31200020000210DF102009047706C0490F07A67
:10A32200012803D104982D300490F4729DF80000A6
:10A3320001287FF406AF326CD07A002851D102F5A1
:10A34200A27032780178914202BF028A73889A42DF
:10A3520007D00129317004D17188028A914218BF55
:10A3620074703178012904BF7278012A39D1B18819
:10A372000390F181009142460398534606F075F826
:10A38200074602A8009042460398534606F096F804
:10A39200002F0446894624D0B87D0090012815D1AB
:10A3A200039AF0893D7E138A019A0021B8EB0000DE
:10A3B2006AEB01015D43401B61EBE5710023F9F794
:10A3C2002AF90020834208BF82420AD1787D00F038
:10A3D2000700012806D002283FF4B9AE06283FF450
:10A3E200C8AECAE6039904980091019742465346C3
:10A3F200FFF71BFDC1E603980090019742460498BF
:10A4020053467047DFF8C81308640020086088804C
:10A41200704780B588B06A4601A9702006F0FEF840
:10A42200BDF81C00DFF8A813DFF8EC3388810204C2
:10A43200B2FBF3F28A61BDF80A201204B2FBF3F315
:10A44200CB61BDF80C2000F021F80B62BDF81220A0
:10A4520000F01CF84B62BDF80E2000F017F88B627A
:10A46200BDF8102000F012F8CB62BDF8142000F005
:10A472000DF80B63BDF81A2000F008F84B63BDF825
:10A48200182000F003F88B6309B000BDDFF88833B1
:10A492001204B2FBF3F370472DE9FC41CC4E88461F
:10A4A200316C0746487B00284FD1DDE90845012081
:10A4B2004873FFF7AEFF316C887A48B1B06914F186
:10A4C200100207EB500745F1000307EB001730E0DD
:10A4D20014F0C3FDF169D6F818C0A8EB0107C01B40
:10A4E200B0FBFCF0002110F1100241F10003B84969
:10A4F200A2180CFB00776B4107EB0C178C7C0A3F10
:10A50200FF2C16D0D6F840C0B57A9CF850E191F8ED
:10A5120017C01030B0FBFEF0C0B290FBFCF0451942
:10A5220095FBF4F004FB1054B472B07A0844C17C79
:10A532007172521E306C63F10003FFF734FC00208D
:10A5420000900122B04B00F003F80020BDE8F68134
:10A55200394606F1440005F068BEFEB59C4E316CEA
:10A56200087A08B9D520FEBDFBF79DF80746FBF730
:10A572009EF804460D463846FBF7A1F8CDE90045A2
:10A58200014600220020FFF787FF316C012008738B
:10A592000020FEBD8E48006C002101734173002033
:10A5A20070472DE9FC470E469046994606F0CAFCD4
:10A5B200760106F5807636049749844FB6FBF1F1B1
:10A5C200461A06F0CEFC044606F0BAFC8246002586
:10A5D200386C00EB451000F5B4710A78012A04BF0B
:10A5E2004978A1420ED1032C00F5B57103D1504632
:10A5F200FBF730FE04E0022C04D15046FBF737FE95
:10A60200C0B2B0BB6D1C032DE2DD514600253A6C91
:10A6120002F5B4726B01D05C18B16D1C032DF6DD2E
:10A6220025E00120D054022C386C00EB451200F5D5
:10A63200B57082F8694100EB451002D1FBF7F6FDD7
:10A6420003E0032C08BFFBF7EAFD386C00EB451072
:10A6520000F5BA7100240C608E604C6042464B4695
:10A6620002B0BDE8F04700F5C070FFF792BBBDE84D
:10A67200F3875146D7E7554A106511727047534820
:10A68200016CB1F840014FF47A7290FBF2F080B2A3
:10A6920070474E48006CFFF787BB2DE9FC4101F083
:10A6A20020030027BB42154603D0052014F0E8FD25
:10A6B2008AE0C103FCD514F0D0FC29788DF804108F
:10A6C20007469DF80400002804D00F20FCF706FD81
:10A6D2005FEA000878D09DF80400811E8DF804100E
:10A6E2009DF8040081286CDA9DF804604046FCF76E
:10A6F20068FD3246691CFAF74CFC9DF80400691C9F
:10A7020008440DF1060102780A7042784A70404608
:10A712009DF80410FCF740FD4046FCF752FD06464A
:10A7220035789DF806209DF8073005F0070500955D
:10A7320003F07F039DF80410384606F0F6FB364816
:10A74200374F0468012D18BF032D11D00DBB3448BB
:10A752000068417B002904BF007B002808D1FDF777
:10A76200CBFD3049087040463049CA68904728E01E
:10A772002046FCF7EAFC9DF8042031462046FCF70F
:10A78200EDFC9DF804102046FCF706FD0120387010
:10A7920014E0022D15D1254805682846FCF7D5FCA2
:10A7A2009DF8042031462846FCF7D8FC9DF8041099
:10A7B2002846FCF7F1FC1E4901200870022014F023
:10A7C2005FFD4046FCF7A8FCBDE8F381000048406D
:10A7D2000020F44200205042002024030011804255
:10A7E2000020189B0100F0440020E8440020B8013A
:10A7F20000102820086028200840544500203C2FE3
:10A802000020802D00203FA00000A0860100FF0252
:10A8120000114444002040420F00701F0011641FC9
:10A822000011681F001160450020849C0100340162
:10A8320000111501001141CC01CDAB00000041789F
:10A84200007800EB012080B2704710B5DFF8E8090C
:10A852000188491C0180FAF717FF88B10024E0B291
:10A86200FAF71EFC4278002A1FBF8178002940793E
:10A87200032805D1641CE0B20328F0DD012010BDDD
:10A88200002010BD70B5FCF754FBFAF7E0FB05F0B1
:10A8920068FEFFF7B7FD00F05EFAFEF7CDFEDFF8C7
:10A8A2009849402104F22910FCF7A7FC402104F248
:10A8B2006910FCF7A2FC402104F12900FCF79DFC81
:10A8C200402104F16900FCF798FC402104F1A90041
:10A8D200FCF793FC402104F1E900FCF78EFC002018
:10A8E200E0602082002104F5D67001604160816041
:10A8F200C1605021DFF84809DFF84849DFF84859BC
:10A90200DFF84869FCF779FC4FF4F571DFF840098C
:10A91200FCF773FCDFF83C19DFF83C2900200880C3
:10A922001080DFF83429C2E90000DFF83029C2E9DB
:10A9320000002068FCF7F0FB2868FCF7EDFB3068AC
:10A94200FCF7EAFB1420FCF7C9FB20601520FCF79A
:10A95200C5FB28601620FCF7C1FB306070BD30B526
:10A9620005468BB01220FCF7B9FB04000DD02C2158
:10A9720000F06BF82046FCF722FC8021FAF766FF14
:10A982000100204603D1FCF7C7FB802011E0FCF751
:10A9920003FCDFF8CC088189ADF8001005948DF82E
:10A9A20018506846FCF7C9F805462046FCF7B4FB88
:10A9B20028460BB030BDDFF8900810B5046888B0A7
:10A9C2002046FCF7F1FB38B1DFF87008D0F8C81167
:10A9D200491CC0F8C81135E0A4B300F035F80120D5
:10A9E2008DF817000221DFF87C08026800928DF8CA
:10A9F200151000214268DFF87008006801928DF896
:10AA02001610411C90F8812000F0B6F8DFF85408C7
:10AA1200DFF85C28817C0794012908BFC07C0DD037
:10AA220003290CD15178491C032391FBF3F303EB67
:10AA32004303C91A517013305178405C1070684654
:10AA420006F0BFFB08B010BD20216846FAF7F5BA40
:10AA520070472DE9F843074686B089461446182008
:10AA6200FCF73CFB5FEA00082FD000F070F829D019
:10AA7200B81CFBF7AFFB28B93188BB1C0322B81CFA
:10AA8200FBF779FBFAF700FE054605F12801288B52
:10AA920000F069F828798DF80A00B91CF87D00F0F9
:10AAA20051F83088ADF81400022C06DD22464946E2
:10AAB2004046FCF753FB00F0EFF84146684606F0CB
:10AAC200F0FD02E04046FCF727FB38E070472DE935
:10AAD200F8439146DFF89C2788461178002986B012
:10AAE20005462CD01920FCF7F9FA040027D000F013
:10AAF2002EF803D12046FCF70FFB20E0E81CFBF701
:10AB020069FB28B93188EB1C0322E81CFBF733FBF5
:10AB1200FAF7BAFD00F023F838798DF80A00E91C3B
:10AB2200E87A00F00FF83088ADF8140001218DF8B2
:10AB3200161000F01FF82146684606F0B6FD07B071
:10AB4200BDE8F0838DF80B0003A8FBF768BBDFF8C4
:10AB52002467DFF82407318802889142704707464C
:10AB620007F12801388BADF8000008220DF1020030
:10AB7200FAF70FBA4A4641462046FCF7EFBA2DE9EA
:10AB8200F843044686B0B4F80A900D4616461A20D9
:10AB9200FCF7A4FA5FEA00083ED0DFF8D806DFF837
:10ABA200D82601881388677B994232D04946A01C77
:10ABB200FBF710FB30B904F10E033A464946A01CDC
:10ABC200FBF7D9FAFAF760FDFFF7C9FF38798DF87C
:10ABD2000A00A11C207BFFF7B5FF022EADF81490EE
:10ABE20012DDE978A87801F07F0101EBD01080B284
:10ABF200422802D1A879401CA87132462946404613
:10AC0200FCF7ACFA00F048F84146684606F049FD08
:10AC120002E04046FCF780FA91E72DE9F843074647
:10AC220086B0884691460220FCF758FA040032D0DA
:10AC3200DFF84416DFF8442608881388984203D1C7
:10AC42002046FCF769FA26E07D897E7B2946B81CFE
:10AC5200FBF7C0FA30B907F10E0332462946B81C99
:10AC6200FBF789FAFAF710FD064606F12801308B48
:10AC7200FFF779FF30798DF80A00B91C387BFFF7AE
:10AC820061FF00F009F8ADF81450FFF773FF214699
:10AC9200684606F00AFD52E701208DF8160070475B
:10ACA2007047827D00F10E01407906F065BD2DE905
:10ACB200F04104460D46DFF8A815277A607A07EBC3
:10ACC20000274888BFB2002818BF8742904640D16B
:10ACD20094F9140010F1500F3BDBC988208A002937
:10ACE20018BF884235D1DFF894653378A17C012BF7
:10ACF20004F108021BD1FAF7DDF9D0B9DFF88415A7
:10AD0200002301F1020C11F82020012A04BF3CF8B3
:10AD12002020BA4209D0401C0928F4DD42462946C7
:10AD220004F10800FAF748FA03E00123F6E7FAF71C
:10AD3200C1F970B13178002943462A4604F108016D
:10AD420003D0BDE8F041FAF7C7BEBDE8F041FBF71A
:10AD52000DB8BDE8F081FDF757B980B588B06846F7
:10AD620003F03FFA0021684603F075FA09B000BD0E
:10AD720038B54078DFF8105560BB00212970FAF72A
:10AD82008BF910B10120287001E02878C8B1DFF8F2
:10AD9200EC2400211170FAF7BFFB04000FD0FAF780
:10ADA200A0FC010008BF00F004FA40B901212046CE
:10ADB200FAF790FC00F094F9287890B901E00021AC
:10ADC2002970FAF744F9DFF8981400204880BDE8AA
:10ADD2003140C0E701210220FDF791FA6888401C4A
:10ADE200688031BD38B5054688B01B20FCF776F97E
:10ADF200040036D0FFF728FE28798DF8180005F1F7
:10AE02002801287903280DF10D0002D1FBF707FA7A
:10AE120001E0FBF70BFA288BDFF85824ADF8160097
:10AE2200507810B980238DF81930117839B19078A3
:10AE320028B99DF8190040F002008DF81900224649
:10AE42009DF8190040F020008DF81900022102201F
:10AE5200FBF773F801208DF81A000794684606F094
:10AE6200EFF909B030BD2DE9F84304460E4660788B
:10AE7200DFF80054002891463CD0032835D14946DA
:10AE82003046FAF778FFDFF8D843608068BBAE68D7
:10AE920006F0C9FCF5F70DF94FF0425106F017FD27
:10AEA2000146304606F013FD0146304606F07BFDB2
:10AEB200DFF8D813F5F70FF9064698BF4FF085462D
:10AEC200FFF7DDFB228850436421484306F0DDFD95
:10AED2000146304606F0FBFC06F0E5FDFCF719FDE5
:10AEE200A968304606F05FFDA860FEF794FFBDE852
:10AEF200F143C7E44FF08040A860A11C5320FCF747
:10AF020080F8DFF87013608808806A680AB101204F
:10AF12009047FAF7DBFB80460321FAF7DBFBC64FCB
:10AF22007C8C44B108F12800FFF789FC844202D0EE
:10AF3200788A401C788208F12800FFF780FC788428
:10AF42004A4631464046FAF743FF01462878002830
:10AF520018BF002907D00020FFF701FD08B9012022
:10AF6200E8700120A870BDE8F1832DE9F847074693
:10AF720089B0B7F80CA07E89894690465146B81C24
:10AF8200FBF728F905006BD01C20FCF7A7F804009A
:10AF920066D0B8490A88924536D1202101A8FAF72D
:10AFA2004CF80DF102026946304604F081FE002899
:10AFB200F7D02846FBF705F9787820B9424649468A
:10AFC2003046FBF746F842464946FFF7D5FDB91C25
:10AFD20001A8FBF724F97889ADF80C0078788DF890
:10AFE2001B00089401208DF81C0001A806F077F9D7
:10AFF200B91C3046FDF7AFFC07F08DF880B37978C5
:10B0020071BB07F098FC2BE01821FFF71EFD2846C4
:10B01200FBF7D7F842464946FFF7AEFDB91C684632
:10B02200FBF7FDF8ADF80860ADF80AA078788DF866
:10B032000C0068788DF80D006878032805D1A91CEA
:10B042000DF10E00FBF7EBF804E0A91C0DF10E0068
:10B05200FBF7ECF8FFF720FE2146684606F023FBDB
:10B062000AB0BDE8F0872DE9F843064686B0778935
:10B07200884691463946B01CFBF7ACF804002ED046
:10B082007D490A88974227D01D20FCF727F8050042
:10B0920025D0B11C6846FBF7C2F8ADF8087070788D
:10B0A2008DF80A0060788DF80B006078032803D1D0
:10B0B200A11CFFF749FD03E0A11C03A8FBF7B6F8AA
:10B0C20001208DF814004A4641462846FCF746F80E
:10B0D2002946684606F0EBFA2046FBF772F82EE5A1
:10B0E20010B56A4804682046F7F78EFF08B10020C1
:10B0F20010BDFAF7EBFA70B1FDF771F9052290FB7A
:10B10200F2F202EB8202801A62494843421C002199
:10B112002046FDF72BF9012010BD002059490022DD
:10B1220001F8202001EB8003401C0A285A80F7DB3B
:10B1320059490A70704710B55749514B0A78012492
:10B1420003F8224003EB8203521C58800A2492FB2C
:10B15200F4F40A2000FB14220A70FEF75CFEBDE83C
:10B162001040FFF78FBB002300220021172004F0BC
:10B172000CBD10B5FAF7AAFA04000AD060790128CA
:10B1820007D102212046FAF7A5FA2046BDE8104071
:10B1920028E610BD80B507F088FC3549012008700B
:10B1A200F9F755FFFDF71DFBBDE802400020FCF753
:10B1B20041BB80B5394A01208DF800001070684605
:10B1C200FBF700FE02BD70472A494860704738B558
:10B1D20004464FF6FF75224602212846F9F76AFF18
:10B1E20028B9224603212846F9F764FF28B140799D
:10B1F200032801D0002032BD012032BD1CB51C4CF9
:10B202000020E0700DF10201684604F02BFD0028D9
:10B21200F8D0FAF7D2FE0120E07013BD80B546F2F5
:10B22200A810FCF776FB07F066FC11481C49416048
:10B2320001BD00000000E61F0011802D0020CC2A75
:10B24200002034010011380100113C010011E028F6
:10B252000020C44400204E45002020010011280196
:10B262000011F4420020D49F0100401F001124036A
:10B272000011FC02001154450020DC9F0100C8446B
:10B282000020D01E0011D01F001101008042309B0F
:10B292000100A0860100E91F0011594500208DDC44
:10B2A2000000E0B502A902680A6001A942680A60CA
:10B2B20050F8082F01990298009204F010F907BD86
:10B2C20000000A0610B5D20E082A02D34FF0FF3052
:10B2D20010BDCAB2D2080124835C01F0070104FA4E
:10B2E20001F119438154012010BD80B502780B7819
:10B2F2009A4202BF428A4B8A9A4208D11022891C82
:10B30200801CFDF73AFA401E8041C00F02BD0020AA
:10B3120002BD20B18078FF2801D1012070470020B2
:10B32200704738B504460D4607E09DF800102170BD
:10B33200AD1E9DF801106170A41CFDF750F8022D9E
:10B34200ADF80000F1D82A4669462046F9F721FEF9
:10B35200012032BD10B5044607F0DFFB206010BDAE
:10B36200AFE7E0B501208DF800000022DFF8FC0B0A
:10B3720000686946FCF7D1FA07BD0146DFF8F00B19
:10B38200FDF773B810B5002818BF002901D10020BD
:10B3920010BD02680AB901600FE053684C689C4214
:10B3A2000DD20A6001601B1B536006E05468A04284
:10B3B20005D2201A50600A601960012010BD4B6846
:10B3C2005068181A486013461268002AEED1F2E754
:10B3D20010B5040001D1002010BDE06BFEF7E3F9C7
:10B3E2002046FFF7CAFF012010BD10B5DFF8800B21
:10B3F200FDF727F8040001D1002010BD4021FBF722
:10B40200FCFE204610BD00281ABF0069002800205B
:10B41200704701001CBF0869002801D10020704755
:10B4220002680A611AB153684168CB18536000215F
:10B432000160704738B5DFF8385B0446287808B1F8
:10B44200002032BD002C4AD007F073FB07F065FBE9
:10B4520068604440A0B2FCF7B4FFFDF7BEFCFEF703
:10B462005EF901202870582105F10C00F9F7E5FD7D
:10B47200022105F15800FFF754FF012100F030F8D6
:10B48200032100F02DF8052100F02AF8072100F031
:10B4920027F80B2100F024F80F2100F021F81121E8
:10B4A20000F01EF8232100F01BF8272100F018F805
:10B4B200172100F015F81B2100F012F8DFF8B81A76
:10B4C200DFF8B80A4A8842430A21B2FBF1F205F1D9
:10B4D200080105F1440002F074FF05F10C0032BDD1
:10B4E20005F10C003CE778B5044685B008461546E0
:10B4F20000226946FDF733FB01266846FDF75BFB38
:10B50200C0B1BDF80410C807F7D50A06D20E082A42
:10B5120009D2CAB2D20801F00700A35CC34003F00B
:10B522000103012BE9D02846FFF7CBFE002610F1DC
:10B53200010FE2D1304606B070BD7CB50E46002147
:10B542000091054614466A46022105F1120014F0E4
:10B552003EF86A461021A81C14F039F870686A4651
:10B562000221801C14F033F89DF800009DF80110B0
:10B572009DF8032041EA00219DF8020042EA0022E0
:10B582005140216073BDF8B505460E464FF0FF37B6
:10B592009AB151680868C0F3011070B94A88102343
:10B5A20000210220FEF7D1F8040006D022463146DF
:10B5B200284600F024F800F023F83846F2BD3EB5E4
:10B5C2000D4600284FF0FF3118BF002D144601919F
:10B5D20000D00CB908463EBD698A0A0A42EA012235
:10B5E20092B20092AB1C62896168183002F001FDD0
:10B5F20001AA21462846FFF7A0FF01983EBDDEE7DB
:10B6020007462046FEF7CFB8F8B505460E4618465F
:10B612004FF0FF375AB15468628810230021FEF7B9
:10B6220094F8040003D000F004F8FFF7E9FF38466D
:10B63200F2BD224631462846E1E7FEB505460E46F2
:10B642001746FFF7D2FE04000BD03A463146284691
:10B65200FFF7B5FF10F1010FA06305D12046FFF7F8
:10B662008CFE4FF0FF30FEBD042101A8FFF759FE0A
:10B67200DFF80409019B4078DFF8001903F0FF03AB
:10B6820002464B4340081B0A584301FB0200E0609C
:10B692001422314604F12400F9F77BFCE763684683
:10B6A200FFF758FEE168286918B961600098E86000
:10B6B20004E0009AE868121A8918616000F04EF8F6
:10B6C2002846FFF7A0FE064605F1240002F097FE89
:10B6D20030B17268DFF8A81805F1240002F071FE9B
:10B6E200A06BFEBD3EB505000C4618BF002C32D043
:10B6F20094F9080001000FD5401C2072E16801FA9C
:10B7020000F0606000F02AF8E26B04F124012846A0
:10B71200FFF755FFA0633EBDE06B41680A68C2F3C4
:10B722000720402814DB0FF67C00D0E90023CDE986
:10B732000023E06B41680A7802F00F0200926A4629
:10B742004068011D0191284604F12401FDF71EFF06
:10B752002046FFF73DFE4FF0FF303EBD214605F18A
:10B7620010000FE6F8B58AB00646DFF81408DFF8D5
:10B77200141804786846702262438D181421F9F770
:10B782005CFC10208DF8000005F108010DF10200AB
:10B792001022F9F7FEFB288DADF8120005F1180111
:10B7A2000DF116001022F9F7F4FB688DDFF8DC17B3
:10B7B200ADF8260005F1300731F814500020785515
:10B7C200002D38D0042D36D33868C0F381100128FB
:10B7D20031D1FFF70AFE04002DD02B4600220021B2
:10B7E2000020FDF7B2FFE06310B3201DFFF7B2FDAA
:10B7F200142205A904F11000F9F7DBFB14226946B3
:10B8020004F12400F9F7D5FBE26B29463846FEF72E
:10B8120046F868B1E16B04F1380204F12400FFF745
:10B822008CFE214606F11400FFF7ACFD002004E077
:10B832002046FFF7CDFD4FF0FF300BB0F0BD18B53D
:10B8420000281CBF0368002B21D09C6BA1420CD1A5
:10B852001360016809680160126819B14B68506889
:10B86200C3184B60002010600FE01C461B6873B1C8
:10B87200986B8142F9D11868206018B14468596800
:10B882000C194460002018601360012012BD0020D2
:10B8920012BD10B5994214460AD139B10A46214661
:10B8A200FCF76BFF401E8041C00F10BD012010BD90
:10B8B200002010BD2DE9FC4104460E46174698466D
:10B8C200206900282AD000F124013046FFF70DFD3F
:10B8D20008B32069C16B486800F022F8D8B120692A
:10B8E20001682161FFF774FDEAE7206828602046BD
:10B8F200FFF76EFD2C688CB104F124013046FFF78E
:10B90200F4FC28B1E06B406800F00AF80028ECD1A2
:10B9120025462468EFE72569002DEBD1BDE8F381C8
:10B922000378021D03F00F0341463846B1E72DE9C3
:10B93200F84F064686B0706804788B46154658461E
:10B9420004F00F04FDF798FF241D00275FEA000AA8
:10B9520003D007F00AF9401C0419706801680095C9
:10B96200C1F30110697801F0EF0169700028009AB3
:10B972000CBF4FF002084FF0010801A93046FDF755
:10B98200EEF840F20D1913E0641C641C0EE04F4502
:10B99200ACBFE41CA41C2846FDF76EF904192878F4
:10B9A20000F00F000D28F0D00E28EDD0BDF8087081
:10B9B20001A8FDF700F905002ED0BDF80800C71B4D
:10B9C200BFB20D2FE3DA641CE5E7009A01A9304605
:10B9D200FDF7C5F80CE0FDF772F906462846FDF7BB
:10B9E2004BF90246BDF8081033462046FDF7FCFE2F
:10B9F20001A8FDF7E0F80500EDD1BAF1000F07D07C
:10BA0200504607F0B2F8014652462046FDF706FFBF
:10BA1200204607B0BDE8F08F706842882346594639
:10BA22004046FDF792FE0400F2D000F0D1F8204625
:10BA3200FDF7BDFE0028C8D1FFF7E3FD0020E8E7CF
:10BA42002DE9F0470E468AB071684A888246086836
:10BA520000240027C0F3011000280CBF022001209F
:10BA6200A4234521FDF771FE050008BF002000F068
:10BA7200AC8000F0ADF82846FDF799FE00285AD0B8
:10BA820005AA0F213046FDF7DDF880460494CDF873
:10BA920000804FF0FF3304AA0DF10A015046FDF772
:10BAA200E3F900284CBFA146DDF8109001AA172146
:10BAB200304607F094F800B30198019FC00A00F0E5
:10BAC2000700C7F30907001D87400198C0F3C22091
:10BAD200072806DB68680268802161F30F22026092
:10BAE20072E0002808DD0199380960F3090101912B
:10BAF200019820F460500190012468892968C01CD3
:10BB0200884256D2282102A8FDF7F5FD024602AB73
:10BB12000C212846FDF768FE0126E4B928686989E8
:10BB2200411A49451FD20198800B800308E0019811
:10BB3200C0F3C22000283CD00198521E62F3CD20EF
:10BB42000190019AD20A02F00700001D06FA00F0E5
:10BB52008142ECD301244B462A46172101A807F063
:10BB620086F8002825D4686869890844E860FF21BE
:10BB72000170E868411C6889E960401C68813CB139
:10BB82000198C00A00F00700001D8640039603E0FA
:10BB9200296880B2081A0390CDF800803B46E96814
:10BBA20003AA5046FDF760F9002802D469894018BB
:10BBB20009E068680268A32161F30F22026000783D
:10BBC20000F00F00001D688128460AB0BDE8F0872A
:10BBD20070680178021D01F00F0170472DE9F043F2
:10BBE20087B0814603A80025C0E900550F4602A987
:10BBF200F86BFDF78AFA02A94846FDF7ADFAFE6B2B
:10BC02000FF29C3172685FEA000810681FD1C0F31E
:10BC1200072001280DD1042202A8FCF7AEFD20B9AD
:10BC220031464846FFF70CFF0EE003AA8421304656
:10BC320008E007F11000FFF76CFB002862D1F86BF7
:10BC420003AA8521FFF773FE05005BD054E0C0F321
:10BC520007235D1E042D3CD2C0F3072558F825406A
:10BC6200BCB3C0F3011000280CBF0220012052888F
:10BC7200A4230021FDF769FD0546F86B40680178B1
:10BC8200021D01F00F012846FDF791FD00283CD06E
:10BC9200FB6B5868017801F00F01059107F124024E
:10BCA20058680195011D05A8069100904146484635
:10BCB200A04768680068C0F3011101291CD1C0F3D4
:10BCC200072040281EDB07F11000FFF722FBC8B94E
:10BCD20012E0012B09D1042202A8FCF74EFD20B983
:10BCE20031464846FFF7ACFE04E003AA8521304600
:10BCF200FFF71DFE050005D02A4607F1240148463C
:10BD0200FFF77DFC2846FDF74EFD07B0BDE8F08346
:10BD120000002DE9F04786B004460020002C019077
:10BD22001AD002A80021C0E90011DFF860A20FF2C8
:10BD32007C280FE0032300F0B7F8FFF765FC03E06F
:10BD420000F0B2F8FFF71FFC0198FFF741FB304605
:10BD5200FFF73EFB6069002800F0A38006460068FA
:10BD6200606100203060F16B48680068C0F38112A6
:10BD7200012AE9D1000900F00300032822D8DFE8F4
:10BD820000F06760022F00F093F8F06B41680A68D8
:10BD9200C2F307200028D7D0019898B1C06B416840
:10BDA20009680A04520F022A0CD101F00F01049112
:10BDB20004AA4068011D0591019800F12401204662
:10BDC200FDF7EFFAF26B50680168C1F30720002813
:10BDD20054D0202852DA31462046FFF7FFFEB3E75F
:10BDE20000F066F801980028AED00546D8E90001B7
:10BDF200CDE90401E86B41680A78DAF8089002F0AC
:10BE02000F02049200274068011D0591BAF8021042
:10BE1200F8B2884298D2DAF80400F9B2405C60B114
:10BE220004AA05F124014846FDF7D9FA049B059AB4
:10BE320005F124012046FFF73DFD7F1C09F1380979
:10BE4200E4E702AA2046FFF74EFB0028BAD17BE7BF
:10BE520002AA2046FFF747FB0028B3D1F06B02AAE3
:10BE62008221FFF764FD050007D02A4600F01CF886
:10BE7200FFF7C5FB2846FDF796FC65E740388028AA
:10BE8200BFF458AF656D002D3FF45AAF019800B171
:10BE9200C06BB16B00911346024600F005F8A8474B
:10BEA20052E706B0BDE8F08706F12401204670474C
:10BEB200B16B01AA04F11000C1E470B52D4C04F17C
:10BEC200300002F09CFA78B108E004F10C00FFF7B0
:10BED200A0FA014604F10C00FFF704FC04F10C0087
:10BEE200FFF791FA0028F0D104F1440002F087FA3A
:10BEF200002838D0274B62781868114691FBF0F57C
:10BF020000FB151028B923480068056845F00105B3
:10BF120005600626062591FBF6F6642005FB161140
:10BF2200414305D11D4909680E6846F001060E60BD
:10BF3200521C1968D6B296FBF1F301FB136139B9B1
:10BF4200062196FBF1F105FB1165684308BF00224B
:10BF5200627004F10C00FDF706FB04F14400BDE839
:10BF6200704002F04ABA70BD0000349B0100F00D2F
:10BF7200002054070020B0440020A08601005C0786
:10BF82000020650E0020642F0020D8440020980273
:10BF92000011180D0020140D00201C0D0020E55882
:10BFA20064A5000000000000000000000000000086
:10BFB2000000000000002DE9F0438DB081460F46DD
:10BFC200149E1446984614216846F9F736F8102054
:10BFD2008DF80000102209A80FF6A411DFF85C58B2
:10BFE200F8F7E7FF8DF8337005A80FF6A0111022BD
:10BFF200F8F7DFFF3F02ADF82270102209A90DF118
:10C002000200F8F7C6FF102205A90DF10200F8F7A9
:10C01200C0FF43F21630ADF81200FDF7B8FB074639
:10C0220001217868026861F3051202602968B1F89B
:10C032004C00401CA1F84C0080B201F091F87968E4
:10C042004880086869F30F200860204606F08DFDDD
:10C05200024623460B213846FDF7C6FB32464146CF
:10C062003846FDF7DBFB28683A466946FFF7C7FA10
:10C0720004463846FDF797FB2046CFE02DE9FE4304
:10C08200DFF8BC47DFF8BC97A078DFF8B8770FF687
:10C092002408401C8DF8040002A901A8002502789A
:10C0A2000A70A11D0DF109000A78027062264A7811
:10C0B20042700AE0704302AA00920323395C00F046
:10C0C2000AF84846FBF725FC6D1CE178E8B2884285
:10C0D200F0D3BDE8FE83424602206CE730B587B05C
:10C0E20000238DF80030DFF8540701AADCB22244A5
:10C0F2009DF8004014705B1C9DF8001000EB81015C
:10C1020001F1140201ACDDB22C44157825709B1CA0
:10C112005578657001AADCB2224411F8164F1470EA
:10C122005B1C9DF80010491C8DF800109DF8001052
:10C132000629DADB417801AA0092DBB20FF284729F
:10C14200FFF7CAFF07B030BD2DE9F8438CB00024D9
:10C15200DFF8F0560FF27878DFF8EC96DFF8E06659
:10C1620059E0622000FB04FEB17809EB0E0202EBFB
:10C172008103D88800284CD000238DF8003001A913
:10C18200D8B201449DF80000087006219DF8000015
:10C1920048435B1C104400F13E010DF1040CDFB278
:10C1A200BC440F788CF800709B1C4F788CF801709F
:10C1B20000F140010DF1040CDFB2BC440F788CF8A1
:10C1C20000709B1C4F788CF8017000F142010DF158
:10C1D200040CDFB2BC440F788CF800705B1C433057
:10C1E20001A9DFB23944007808705B1C9DF8000099
:10C1F200401C8DF800009DF800000628BFDB01A955
:10C202000091DBB219F80E10FFF765FF2846FBF725
:10C2120080FB641CE4B2F0788442A2DB0DB0BDE87E
:10C22200F0832DE9F84FDFF814460FF2A86AA178DF
:10C23200DFF81486062041436018A2B030F82C9F24
:10C242000079ADF80C000026207800F089FFADF8E7
:10C252000A0012AD8BE01FFA89F000F081FFADF801
:10C2620006006227BDF80C0000F07AFFADF8080066
:10C272000DF1060121208DF8040004A80A7802704D
:10C28200ADF8489077434A78427002A80DF1120146
:10C2920002780A701FFA89FB42784A700DF10A008F
:10C2A20005A902780A7009F1010942784A7001A8C9
:10C2B2000DF116010278BDF80C000A7068800220A8
:10C2C200287118F80700E880E088CBEB400080B2C4
:10C2D20000F046FFADF806000DF1060102208DF8D0
:10C2E20004000DF117000A7802700E234A7842709A
:10C2F20002A80DF1190100F042F80DF10A000DF14A
:10C302001B0100F03CF801A80DF11D010278E08844
:10C312000A702121CBEB400BBDF80C008DF85410B4
:10C32200ADF850B0ADF8520004A818F80710E98132
:10C33200009052460320FFF73EFE00270DF14E000B
:10C3420030F8373012A800EBC70002790DF14A002D
:10C3520030F8371035F8370001F0B3FF7F1C022F99
:10C36200ECDBDFF8DC04FBF7D4FA761CF6B2E078FB
:10C372008642FFF670AF002023B0BDE8F08F02784E
:10C382000A7042784A70704718B58BB001AA0F9CA8
:10C3920002A91846FDF761FA029880B1019806F0E9
:10C3A20046FD0121022012F0D9FFDFF89014C8786F
:10C3B20078B906F069FD03218DF800100CE00FF248
:10C3C200205103A8FDF7C1FC00F098F8014603AA2A
:10C3D2000DE002208DF8000000F057F90FF218511D
:10C3E20003A8FDF7B2FC00F089F803AA014600F0A9
:10C3F200D5F900F046F914BF45208D2000F0C5F9AB
:10C402000CB010BDF0B593B01546199C6A4601A94F
:10C412001846FDF722FA019878B90FF2E44103A811
:10C42200FDF793FC00F06AF8014603AA00F0B6F9A2
:10C4320000280CBF8D2045203BE0DFF800146E7C05
:10C44200CA78DFF800C4002700E07F1C974234DA84
:10C45200622078431CF80030B34202BF0CEB0003A9
:10C4620058780028F1D10E79761C0E7101980428B3
:10C4720023D3009E91F802C0307837460CF1010CAC
:10C48200B7F80160FF78604508D106F1010E83F824
:10C4920001E091F80AC0F44481F80AC003EB80007D
:10C4A200468007710198001F01900098061D0096B2
:10C4B200DCE700F068F913B0F0BD087990420CD1C6
:10C4C20006F0F6FC06F0E0FC03208DF808000022DE
:10C4D200DE48006802A9FBF720FA6A7C0FF23C41B1
:10C4E20003A8FDF732FC00F009F8014603AA00F0A8
:10C4F20055F9002814BF45208D20DAE703A806F07D
:10C5020034BB3CB591B001A84021FAF776FECB4B83
:10C51200987800210090009A062A20DA03EB820222
:10C52200908AE0B101A8CDB228449DF80050057070
:10C53200491C02F1140001ACCDB22C4405782570DF
:10C54200891C4578657002F1160001AACCB222441A
:10C5520004781470491C0098401CDBE7E3E000F00B
:10C562001AF9002814BF45208D20F7E770B58AB06C
:10C5720015460F9C0FF2B8311E4602A82022F8F78A
:10C5820018FD6A4601A93046FDF767F9019850B9CE
:10C592000FF2703102A8FDF7D8FB02A806F0E5FA07
:10C5A200014602AA1DE0A54A697CD078A0B1A5483F
:10C5B20003788B4210D1009B009D009E1B78B5F83A
:10C5C2000150F678D172537400EB8301001D4D8047
:10C5D20000F8236006F057FE02A806F0C6FA02AA87
:10C5E200014600F0DBF800F04CF814BF45208D2026
:10C5F20000F0CBF80AB070BDF0B595B0184603AAAA
:10C6020004A9FDF72AF90FF244341FE00398039DB1
:10C6120002788A4EAD7901460627B1F80130B0F8AA
:10C622000300497957433E44B385F08506F8301F2D
:10C632007570019100900295214605A8FDF785FBD2
:10C642000498C01F04900398C11D03910498072801
:10C65200DCD21B9C06F0D6FD04208DF8000000F011
:10C6620014F805A806F081FA014605AA00F096F82A
:10C6720000F007F814BF45208D2000F086F815B0B1
:10C68200F0BD61680A680028704700226F480068A0
:10C692006946FBF742B93CB591B001A84021FAF7CF
:10C6A200ACFD664A907800210090009B062B2ADAA6
:10C6B20002EB8303988A002825D001A8CCB220443B
:10C6C2009DF800400470062300985843491C10440A
:10C6D20000F12C0300F01EF800F12E0300F01AF80E
:10C6E20000F1300301ACCDB22C441D782570491CF9
:10C6F20001ABCCB2234410F8314F1C70491C009896
:10C70200401CD1E70FE000F046F8002814BF452096
:10C712008D20F7E701ACCDB22C441D782570891C21
:10C722005D786570704700F02EF813B030BD704729
:10C7320038B594B0002518468DF808506A4601A90C
:10C74200FDF78BF80198032808D30099087800991F
:10C752008DF808004D78887845EA0025199C442216
:10C762000DF10901284604F088F981B202AA491C98
:10C7720000F014F8FFF785FF14BF45208D2000F06C
:10C7820004F815B030BD61680A6822F47F4242EABB
:10C7920000220A607047179C01AAC9B22046FDF721
:10C7A2003DB8F0B587B044210D9C6068026861F322
:10C7B2000F22026001A96A461846FDF74EF80025CD
:10C7C20020E00098008800F0CBFC064600984088E4
:10C7D20000F0C6FC07460098808800F0C1FC0346C2
:10C7E200009882793946304601F06BFD064603AA6D
:10C7F2000021FFF7D3FF1EB100F04EF86D1C02605E
:10C8020000F050F801980728DBD2EDB275B90B4958
:10C81200487878B105210C4800688DF8081000228C
:10C8220002A9FBF77AF80021022001E00121012090
:10C8320012F094FD07B0F0BD0000240D0020CC2AB8
:10C842000020400D0300E02800203C9B01003EB583
:10C85200079C616818460B68422262F30F230B6043
:10C862006A4601A9FCF7F9FF12E00098008800F07F
:10C8720077FC05460098808800F072FC0146284645
:10C8820001F053FD10B100F007F8026000F00AF861
:10C8920001980728E9D237BD60680268802161F3F8
:10C8A2000F2270470198C01F01900098C11D00918E
:10C8B200704770470000686172705F696E6974004A
:10C8C2000000686172705F6966616365000068619B
:10C8D20072705F7370007363686564756C650000E5
:10C8E20000006E6F206368696C6472656E20696E09
:10C8F200666F00000000696E6974206861727000E2
:10C9020000006E6F20696E746572666163652072E5
:10C9120065636569766564000000676F742023258E
:10C9220064277320696E746572666163650062696B
:10C932007500000000000000000000000000000080
:10C942000000000000000000000000000000676F0F
:10C9520074207375622D706172746974696F6E20D0
:10C9620040206C617965722025643A207B25642C15
:10C972002025642C2025642C2025647D00002001C4
:10C982000DB81234FFFF000000FFFE00000020017E
:10C992000DB81234FFFF000000FFFE00000010B5CA
:10C9A200DFF8E84702E06420FAF7B3FF20780028B6
:10C9B200F9D10121217010BDDFF8D01700200870D5
:10C9C2007047DFF8C00700E000BF0178491C01EBA7
:10C9D200D1725210A1EB4201017070470178491CDB
:10C9E2004A1001EB92729210A1EB82010170704722
:10C9F20038B5521E002392B20BE0CC18CD5C64789D
:10CA020004EB0524201885B2A4B2A54238BF401C0D
:10CA12009B1C9342F1DB07D1C95C00EB012082B27F
:10CA2200B2EB012F38BF401C80B232BD38B5DFF8FF
:10CA32005427147853699588A0214C431C44A1883B
:10CA42000A0A02EB0122521BADF800202022BDF897
:10CA52000030C01804F1080180B2FFF7C9FFBDF829
:10CA6200002061192831FFF7C3FF01000EBF4FF606
:10CA7200FF70000A40EA012080B232BD3A20D5E7B9
:10CA82001120D3E710B506F0AEFDDFF80007DFF89E
:10CA920000274FF48061418000210C0402EBD42472
:10CAA20000232382491C8BB2022BF6DD018010BDCC
:10CAB2007CB5DFF8D046A08898B3237804EB430115
:10CAC20000F128058A89AA4203DA0020A080888121
:10CAD20073BDA02566696B43283A121AF1180844FF
:10CAE20000F1280106F12800184406F0C8FF20785A
:10CAF200A28804EB400145438B899A1A8A8192B23B
:10CB020063695819283A8388121262F307038380F3
:10CB120089890279A1F1280342EA03228280002056
:10CB2200A08073BDF8B50246DFF86836DFF86046CC
:10CB32006088401C85B2B5F5FA4FA8BF4FF480500B
:10CB42006080002020806088050A45EA0025208850
:10CB520003F110064701F65BAFB2BE42E8D0401CBB
:10CB6200208080B20228F2DD0027380403EBD026B1
:10CB7200308A30B17F1CB8B20228F6DD278000204F
:10CB8200F2BD27803582718222B90021002386E816
:10CB92000F0004E0114630461022F8F7FAF9DFF8E8
:10CBA200F4050179B1823046F2BDF8B5DFF8D81547
:10CBB2000B784A690220C880A0204343D0188B8892
:10CBC200C41801E06D1CCD80268DCD88360AF60092
:10CBD2000836B54218DAEA188618368DF7B2002FF1
:10CBE200F0D0012F07D006F0C007402F0AD0802FC7
:10CBF2000CD0C02F03D0360AB61C7519E3E7007EAD
:10CC0200FF2803D10120F2BD0020F2BD283202210B
:10CC1200042007F04DF80220F2BD2DE9FC47A025C3
:10CC220004284FF6FF7ADFF85C651FD0317873690C
:10CC320005FB01F29F1807F13C04B4610528F46179
:10CC420040F09980726A108A002873D0002207F19E
:10CC520030003262B061F06106F10C0200203081D6
:10CC620022F811000820708107F0FDFA30890028AF
:10CC720060D0317806F10C02303022F8110005FB49
:10CC820001F372691A4480B228389388001260F363
:10CC92000703938006F10C0333F811101079A1F108
:10CCA200280340EA03209080716A9379888A43EAD4
:10CCB2000023D38003F47F4343F01103D3803089F0
:10CCC200083003041B0E43EA00230020D08593851D
:10CCD200088A1085488A508502F118001022F8F758
:10CCE20058F930787269684302F118010144083238
:10CCF200104406F032FE3378776907F108006B437F
:10CD0200FA18C15A002904BF5089002814D107F12A
:10CD12000C01C95A002904BFD08900280CD1118AFC
:10CD2200002904BF508A002806D1918A002904BF35
:10CD3200D08A002800F07A8102F13C01B161FFF74C
:10CD42009FFE31784D43716901F12E02C043505369
:10CD520001F12E00405B08B922F805A048196022B3
:10CD6200018801F47F4141F06001018002800021CD
:10CD72004180002062E1387800F0F000602840F045
:10CD82005581B88806F10C04070A34F8114000F006
:10CD9200FF0E07EB0E284445C0F2488107EB00273F
:10CDA20006F10C00283720F8117003F10800805CAE
:10CDB200FF28BFD0991D881830610021B180718091
:10CDC200007801060BD101217180FFF7EEFE20B140
:10CDD2000228CED0C0F02A8101E000F0B1F900F0C3
:10CDE200A8F906F03FFD002804D100F0A2F906F0F0
:10CDF200A2FD002840F0B78032787069554343198C
:10CE020003F12605187EFF285AD0FE2804BF587E5B
:10CE1200802855D0197AFE2904BF587A80284FD02D
:10CE22001989002904BF5889002811D1998900293C
:10CE320004BFD88900280BD1198A002904BF588A57
:10CE4200002805D1998A002904BFD88A002837D042
:10CE5200198B002904BF588B002813D1998B002904
:10CE620004BFD88B00280DD1198C002904BF588C1F
:10CE7200002807D1998C002901BF287800286978F9
:10CE820001291DD006F10C0040F2015130F81200C8
:10CE9200884206DB4FF4A0620021022006F008FF60
:10CEA20067E7D888010A022903DA00220021032059
:10CEB200F4E7514400F0FF0040EA0120D88058E72F
:10CEC200187AFE2804BF5A7A802A39D11989002992
:10CED20004BF5889002811D19989002904BFD88933
:10CEE20000280BD1198A002904BF588A002805D1CD
:10CEF200998A002904BFD88A00281BD0198B0029DF
:10CF020004BF588B002813D1998B002904BFD88BFA
:10CF120000280DD1198C002904BF588C002807D194
:10CF2200998C002901BF287800286978012901D04D
:10CF3200187EFF287AD003F1180006F022FC0028A0
:10CF420074D1002202210120A8E7C30722D440F0B5
:10CF520001007080FFF729FE18B10228AFD002D27B
:10CF620064E000F0EDF83178706969434218316984
:10CF72000B887088DBB2002BE7D0112B00F09A806F
:10CF82002B2B2FD02C2B51D03A2B04D03B2B4DD016
:10CF92003C2B1CD08AE03A20FFF748FD504545D192
:10CFA200317870694D43B18828440844008DC1B27C
:10CFB200802925D081291CBF8529862928D0872947
:10CFC20002D0882919D01EE007F0D1F926E08307A4
:10CFD20005D5430658BF40F04000BAD566E040F0A0
:10CFE2000200B6E7430761D4B18840F004007080C4
:10CFF2001144488D000A19D1B3E707F048FC0DE04F
:10D0020006F089FD0AE000F0FF0008F0ECF9B0B983
:10D0120006F10C003178002220F8112006F10C00F4
:10D02200317830F8110000287FF4A3AE06F10C012C
:10D032003278002021F81200B08070807081BDE843
:10D04200F38768B308F12A01C95B814228D1608A5B
:10D0520000281EBF08F12801C95B814220D1218826
:10D06200002904BF6088002811D1A188002904BFCB
:10D07200E08800280BD12189002904BF608900289B
:10D0820005D1A189002904BFE089002845D008F113
:10D09200080310222146D819FBF76FFB00283CD069
:10D0A20004F120004845706233D3BFE78A1A012198
:10D0B2000420F3E6FFF7FCFC3278716905FB02F00D
:10D0C2008B1D8F1D1B5A03F47F4343F011033B5208
:10D0D20006F10C0333F81230A3F1300706F10C030A
:10D0E20023F812700A1830322E31B261085A18B180
:10D0F200FFF7C6FC504599D13778D6F814806F43B4
:10D1020008F12A00C05B002890D02148706200F12B
:10D112006009746A208A504593D10020306202204F
:10D12200708108EB07003030B061F061002030817F
:10D132009AE57069327800F118016A4388187047DD
:10D1420032787169B0886A431144014401F12802BE
:10D152003261098D090AC90008310818B080704788
:10D162000146000A40EA012080B27047010C020425
:10D17200120E42EA0022080A40EA012092B280B26C
:10D1820040EA02407047380D00205D4500202445EA
:10D192000020E83F00208C1B001100207047F8B5EA
:10D1A200084625490A78930784B023D500281CBF76
:10D1B2000468002C1ED02149224A09781368214EA6
:10D1C200A0254D435A1936F81110158D538D1E4E58
:10D1D200376803910297190A41EA032189B2019142
:10D1E2002B0A02F11801009143EA052341689BB220
:10D1F2000832A04705B0F0BD1549154808607047D0
:10D2020070B50400084615461E460DD0059A0499CD
:10D212000F4B61602260290A41EA0521224689B248
:10D2220006F0F8FEA06010B94FF0FF3070BD310A71
:10D2320041EA06210182012070BD420D0020380D15
:10D2420000204C0D0020440D0020500D0020CC1F6A
:10D252000011A1D1000038B500281CBF8068002849
:10D26200144602D14FF0FF3032BD049A150A45EA46
:10D272000225ADB20095224612F08BFA204632BD4D
:10D2820000000B49032008600120704710B50446D6
:10D29200F6F7E9F8084A12681921484320804FF44A
:10D2A200A0717D204243B2FBF1F16180012010BDEB
:10D2B2000000005009402850094000B587B0009096
:10D2C200002003900290019100F013F8012818BF8A
:10D2D200002007B000BD00B587B000220290019285
:10D2E2000092039100F005F8012818BF002007B052
:10D2F20000BD69464248427C40698DF8102012F018
:10D302009DBA00B587B00090029201910393FFF796
:10D31200F0FF012818BF002007B000BD01B5134679
:10D322000A4601216846FFF7ECFF02BD38B5344BCF
:10D332001870581C002404E011F8015B00F8015B2E
:10D34200641CE5B29542F7D3521CD1B2BDE8344019
:10D352001846B2E770B52B4B2C4A284C0546186884
:10D362000E46B2FBF0F104F11800F3F74EF9C0B12A
:10D372006674217C8D4211D02574606912F02DFAF9
:10D38200204612F058FA207C012804BF0FF28401D3
:10D39200E1602146002012F03AFA6061606900B152
:10D3A200012070BD1A48F3F724B918B589B00823D3
:10D3B200242200216846F3F718F901228DF818207B
:10D3C2006A460E4C012104F11800F3F716F912F027
:10D3D20007FA204612F02FFA01202072214600207F
:10D3E20012F015FA6061FF2161740021217400B10D
:10D3F20001200AB010BD0148406970470000DC41BD
:10D4020000201443002014A0010060E31600F44140
:10D41200002008090000002010B5044600F011F8B1
:10D4220070B1002C094914BF10200020888002220C
:10D43200091D0220FFF77AFF0446FFF7B3FF2046DB
:10D4420010BD44210020FFF785BF0045002080B5B4
:10D45200002000F002F8012002BD1CB500F010F817
:10D4620068B1002C19BF41F2C400ADF800004FF4BE
:10D472008651ADF8001000F05BF8FFF793FF13BD83
:10D48200044645210020FFF765BF2DE9FC41074610
:10D49200FFF7F7FF00283FD0052001F004F841F222
:10D4A200C200ADF8000000F043F8060018D024498D
:10D4B20025480A68B0FBF2F0FAF72BFA00F033F8CD
:10D4C20006000DD0BDF80060F60B09D000F026F87A
:10D4D200060005D0BDF80000050A45EA002500E077
:10D4E2000025C5F30B0012F0B4F904462D0488465A
:10D4F200280F12F0AEF912F0BAF900F01EF8224627
:10D50200434612F058FA12F028FB3860FFF74AFF40
:10D51200052000F0D2FF3046BDE8F68102226946BE
:10D522000020FFF7FBBE022269460120FFF7F6BE8C
:10D53200022269460120FFF7F9BE034A044B12F0AA
:10D542003ABA14A00100D0FB01007B14AE47E17A85
:10D55200843F1CB500F00FF860B11620ADF8000052
:10D56200022269460220394CFFF7E0FE2070FFF7E5
:10D5720019FF207816BD43210020FFF7EBBEFEB550
:10D582000746FFF7F8FF002854D00222694602201E
:10D59200FFF7CCFE30490A6843F2C820B0FBF2F430
:10D5A2002046FAF7B6F9042000F07DFF01208DF83D
:10D5B200000001216846FFF780FE060016D02046D3
:10D5C200FAF7A7F9042101A8FFF785FE0646BDF97F
:10D5D2000600C0F3072141EA0021ADF80610BDF8AC
:10D5E2000400010A41EA0021ADF80410042000F011
:10D5F20064FFFFF7D7FE30001BD0BDF90600144DC3
:10D6020012F0BFFA00F031F800F01DF800F017F840
:10D6120012F0C9FA7880BDF8040012F01AF900F08D
:10D6220024F800F008F812F0BEFAC0B20B493880B4
:10D6320008803046FEBD0022094B12F0BCB9002220
:10D64200084B07F03ABF0022074B12F0B4B9D0449E
:10D6520000200000F03E14A001004645002000001A
:10D662005940000044C000A0644000222B4612F042
:10D67200A2B91CB500F011F870B1182264498820D3
:10D68200FFF74CFE040004D0B6208DF8000000F035
:10D692007AF8FFF787FE204616BD77210020FFF7B4
:10D6A20059BEF0B5467803780779C478584D3601EB
:10D6B20046EA0336837840793F0147EA043746EA6F
:10D6C200131647EA10173B092C88B5F90200FF0828
:10D6D200A7EB44074743181B1B1B5843B5F90430FB
:10D6E20000135843801300EBE72000EB80048034E2
:10D6F20024120C604010A0F57A40B5F90E70841027
:10D7020081104C43B5F910304743E1127F0003FB0F
:10D712000171B5F90C301B0403EBA103B5F90A1032
:10D7220064134C43B5F908104843401000EBE40081
:10D732008014E98800F500404843C01322D0C6F5A2
:10D742008016A6EB233640F635414E43B6F1004F24
:10D7520039BF7600B6FBF0F3B6FBF0F35B00D808F6
:10D76200B5F916104043400B4843B5F914109C0814
:10D772004C43641304EB2034B5F91200041903EB93
:10D7820024131360F0BD01226946E020FFF7CEBDED
:10D7920001226946F420FFF7C9BD30B5044685B0C1
:10D7A200FFF77BFF062000F07EFE25208DF80000AB
:10D7B200FFF7EEFF05000DD016490A6841F6583012
:10D7C200B0FBF2F0FAF7A5F8062203A9F720FFF75B
:10D7D200A5FD0546062000F070FEFFF7E3FD2800D8
:10D7E2000ED001AA02A903A8FFF75BFF02980A2143
:10D7F20090FBF1F1618064210198B0FBF1F101E04D
:10D80200002161802180284605B030BD0000E4433C
:10D81200002014A0010080B50C20F4F76FFE01284F
:10D8220018BF002002BD10B5DFF8444304F118010F
:10D8320004F12400F4F7D8FD20610FF24521F4F73A
:10D8420077FE00206061BDE8104070B500F049F835
:10D85200FF210020A171A08000F06BF800283FD0CA
:10D86200802000F0B4F8FFF79DFDDFF80403DFF835
:10D8720004130668B1FBF6F0FAF74BF800F05DF816
:10D8820005002CD0022000F033F8FFF7C4FF10B3DC
:10D8920000F0C9F808B300F0F0F8F0B10F202072E0
:10D8A20000F0E5F842F21070B0FBF6F0FAF731F84A
:10D8B200032221461020FFF731FD40B1207880304D
:10D8C200608160788030A081A0788030E081012181
:10D8D200217200F0C6F8FFF765FD00F05EF82846F9
:10D8E20070BDDFF88842DFF890122069F4F70CBEB1
:10D8F20070B5DFF87852A9798842044601D1012037
:10D9020070BDFFF788FF18B9FFF74CFD002070BD0E
:10D9120000F00FF860B1E000E8710122E91D1C205F
:10D92200FFF704FD0646FFF73DFD300018BFAC715E
:10D9320070BD68210120FFF70DBD10B5FFF76BFF29
:10D9420098B1FFF7F6FFA0B1DFF82442607A18B170
:10D9520000F015F80021617200F00DF87520FFF754
:10D96200DDFC10B1207A712800D011E0FFF71AFD1A
:10D97200012010BD2072012204F108017047DFF876
:10D98200F021DFF8F0111068B1FBF0F0F9F7C1BF38
:10D99200FFF708FD002010BD000010B5FFF73BFFA8
:10D9A20048B1FFF7C6FF38B1714C00F006F810B16C
:10D9B2004F2000F00CF832E010BD3F20207201220F
:10D9C20004F108016C20FFF7B1BC684C09202072F9
:10D9D200012204F108016B20FFF7A8BC10B5FFF784
:10D9E2001AFF78B1FFF7A5FF68B1FFF7EEFF48B164
:10D9F200FFF7E3FF0021217120B100F005F808B123
:10DA020000F007F80BE010BD0122E11D1C20FFF71A
:10DA12008DBC012204F108013A20FFF77FBCBDE86A
:10DA22001040FFF7BFBC10B5FFF783FF80B14F482E
:10DA320022210172012200F108013720FFF776FC52
:10DA42004C490A68044600F006F8FFF7ABFC00E018
:10DA52000024204610BD42F21070B0FBF2F0F9F73C
:10DA620058BF012204F108010B20FFF75FBC01221D
:10DA720004F108010A20FFF759BC0C210120FFF72D
:10DA820069BC072982B004D13948406908B102B0A3
:10DA9200004702B0704778B5044685B0072000F011
:10DAA20002FDFFF79BFFFFF744FF00285CD0C02078
:10DAB2008DF8010001220DF101016C20FFF736FC07
:10DAC2002C490A6848F6A040FFF7C7FF00F057F854
:10DAD200050041D09DF80000C10706D50E2201A91C
:10DAE2003B20FFF71BFC050036D020499DF804308F
:10DAF20091F9062001A94FF480404E78D04046EAC1
:10DB02000326642236B2564396FBF0F3E3809DF877
:10DB120007609DF8063046EA032636B2564396FB66
:10DB2200F0F323819DF809609DF8083046EA032648
:10DB320036B2724392FBF0F0608148F26B22887930
:10DB4200C97941EA002109B242F21070414391FBC6
:10DB5200F2F202F63402A281FFF724FC072000F061
:10DB6200ACFCFFF71AFF284606B070BD0000500C4F
:10DB7200002014A00100A0860100070000800122FD
:10DB820069463A20FFF7CABB000030B52D4C002091
:10DB9200207089B04821FFF7DDFBD0B1FFF72BFCE5
:10DBA2000146684607F0FCFD60208DF8040048211C
:10DBB20004208DF80510ADF820006946201D07F0FD
:10DBC2000BFE0546FFF7EEFB681E8041C00F20707A
:10DBD200207809B030BD38B5044686B000202060F8
:10DBE2000220174D20712A7822B148210020FFF728
:10DBF200B1FB08B9002022E0FFF7FDFB686069462F
:10DC0200281D07F022FE0546FFF7CCFB2571ADB9B2
:10DC12000498002107F0BDFE38BF21600ED34FF0FB
:10DC22009F41F2F758FA98BF4FF0FF3005D94FF0F5
:10DC32007C5103F0B8FE03F036FF2060012007B0EC
:10DC420030BDC8420020DFF82415C860704738B5DF
:10DC520001280D4618D1DFF81445A068012803D128
:10DC620006F03DFB04F0B0FD2888010A41EA0021DC
:10DC7200ADF80010684600F0DDF9E06800B18047B9
:10DC8200A06808B90121A16031BDE0B5DFF8E02448
:10DC92009368012B08D1108015208DF800000192A5
:10DCA200516000F0B5F907BDFFF7D1FF07BD0021B4
:10DCB200DFF8C02453181B7A4354491C0829F9DBA6
:10DCC2007047012800D0704710B5084604F027FAC3
:10DCD20004001CBFE06800280CD0018F090A4A0624
:10DCE20008D5243007F075FEE068BDE81040243006
:10DCF20008F093BE10BD7CB5DFF87C2402F5D67126
:10DD02004B68642B20D90E68DFF8704425786421B3
:10DD12004E43B6FBF3F1C9B28D4215D202F122068F
:10DD2200B079401CB071C0B20B2808DB142DACBF17
:10DD320028256D0025700020B071FDF7EEF93088BE
:10DD4200BDE87640FDF7F7B9C17849B1407818B11E
:10DD5200E9280CBF02200420BDE87C4008F05BBE2D
:10DD620073BD2DE9FC47DFF81494DFF8148499F8A9
:10DD720000100546BA2608F108007143405A28B13E
:10DD8200DFF804040188491C01806AE0FAF793FC79
:10DD9200686810F8021BFAF79BFBDFF8EC13287E89
:10DDA2004A78904205F1380703D1B888DFF8E013CA
:10DDB20008803978032908BF082304D0787802281C
:10DDC2000CBF0223002368460021018005F11802DE
:10DDD2000221F8F76CFA69461A20FAF749FC7878BA
:10DDE200DFF8B0A30024032805D1514605F1200035
:10DDF200F8F730FA40B97878022806D1514605F191
:10DE02002000F8F734FA00B101240021ADF8001027
:10DE120074B97878032808BF082303D002280CBFFE
:10DE22000223002305F1200202216846F8F73FFA97
:10DE320069461B20FAF71CFC06F02FFA78B199F814
:10DE420000104E43DFF850130A8808F1080082538D
:10DE52004846FAF727FC0021662000F0BBF8FAF7E3
:10DE620036FC6868F9F758F9BDE8F38770B58EB0EB
:10DE7200044600200290FCF7E8FC20B11E20F9F7CE
:10DE8200B1F9029020B90021042008F0C4FD9FE0FE
:10DE9200022322460821684608F007FE9DF8020088
:10DEA200002804BF9DF80300002819D19DF8040042
:10DEB200002804BF9DF80500002811D19DF8060036
:10DEC200002804BF9DF80710002909D19DF8000021
:10DED200002804BF9DF80100002802D0022000E0C3
:10DEE20003200DF12A04AA4D6070607848B9002120
:10DEF200E170022060702A460DF11F01F8F79BF9CC
:10DF020026E0A548A64A01781089814203D00299E9
:10DF12001F2081F882000120E07069460DF11F0088
:10DF22000822F7F736F8954A96491378BA20434300
:10DF3200C81898490A88024402F137000378212B55
:10DF420004BF4178012903D10299807881F88300C6
:10DF52009448944902880B88944E9A4207BF032042
:10DF62008DF82A0002218DF82A100AA9502000F00B
:10DF720070F900208DF81D000C908DF81E0060785D
:10DF820003280BD129460DF11F00F8F763F928B9D0
:10DF920031460DF11F00F8F75DF970B16078022883
:10DFA2000FD129460DF11F00F8F761F948B9314642
:10DFB2000DF11F00F8F75BF918B903A800F05FF93B
:10DFC20002E000208DF8140002A8784900F037F929
:10DFD2000EB070BDE0B500E0E0B58DF80000019133
:10DFE20000F016F8012803D06D480188491C018011
:10DFF20007BD3EB56F4D069C2860AB6014208DF8BE
:10E0020000006960EC602A82019500F001F837BDDA
:10E012000022684B18686946F9F77FBC0228664AF5
:10E0220002D0032802D003E0012300E00023137092
:10E0320008F04BBE10B5044608F0CAFC08F079FEA1
:10E042005F49204606F02CF9BDE810405D4808F013
:10E0520041BEE0B5024602230821684608F025FDCC
:10E0620059490A69684690470EBD80B54248D0F8C2
:10E07200B011152905D304F04EF8C068808B8009D1
:10E0820000E0FF20C0B202BD10B507F094FC0823E7
:10E092004E4A4E484F4C082108F007FD02E0204648
:10E0A200F9F737FC06F0F9F80028F8D010BD2DE991
:10E0B200F84F84B0FFF7E8FF3F48464C0168DFF8AD
:10E0C20018A1464FDFF8BC80354D0391BA264FF6B2
:10E0D200FF790CE0A888401CA88001E005F0A3FFAE
:10E0E200217800202AF81100022000F0E6F92889A0
:10E0F200002818BF484504D105F10801532000F05B
:10E10200A8F803984FF0FF3201A9F9F70AFC8346F9
:10E11200022000F0C8F9BBF1010FDBD19DF8040029
:10E12200142809D015281BD0662810D0CC280299B3
:10E13200D4D108F08EFED3E70298C16889B200916B
:10E142008368028A41680068FFF785F8C8E708F02B
:10E152005AFC397808F10800714300224252BFE7A5
:10E16200029841680088FFF772FDB9E70000944405
:10E17200002084440020802D0020660E00206D1EA9
:10E1820000202431002042450020CC2A00204E45A8
:10E192000020D49F01006E1E00201F1F0011BC44EE
:10E1A200002054450020DC9F0100CC9F0100F9DCD7
:10E1B2000000284400202C9B01005F450020D7DF8F
:10E1C2000000DBDF0000F89E0100E8440020E0448C
:10E1D2000020A0860100380D0020440D0020640EAE
:10E1E200002038B504460020E07003212046F6F7EF
:10E1F20024FF114DA87CFF2802D10C2020700BE0D7
:10E20200E97C032805D12170287D6070687DA070AB
:10E2120002E0012808BF2170FCF731FA29882A7F21
:10E222004843E97D5143491C4843A97C48434FF484
:10E232007A7290FBF2F0E08031BDF442002080B5AA
:10E24200544A116008B9802002BD02F06AFF002022
:10E2520002BDF8F7BABE80B54F4AD37F03F0FC0384
:10E26200D3774D4A516001211170F8F7EEFCFAF7AD
:10E27200B8FABDE802400020F9F7DCBA00003EB56A
:10E2820000BF46A201A9D2E90034C1E9003401214C
:10E292004172052500218172C1720572012101734B
:10E2A20001A90A6802604A6842606946007B012847
:10E2B2000CBF052004208DF800005F20F9F751F90A
:10E2C20037BD38B54FF6FF74A04204BFA142A34246
:10E2D20084B006D13048C17F01F0FD01C177002032
:10E2E20021E00024ADF80400ADF80040ADF80610BE
:10E2F200002000250124ADF80A308DF808208DF8A1
:10E3020009008DF80C408DF80D506946F6F7FBFFB9
:10E31200012803D030B903208DF800006846F8F7D1
:10E3220012FD00E0802005B030BDF8B50222ADF844
:10E332000A108DF800204FF6FF7100230122884257
:10E342008DF801308DF80C208DF80D308DF80930E4
:10E35200ADF8040005D10F48C17F41F00201C17739
:10E3620006E04FF6FE71884204D16846F8F7EBFCEE
:10E3720000200BE09DF801006946F6F76FFF0128C7
:10E3820003D16846F8F7DFFC00E0802005B000BD4D
:10E39200000010450020F4420020C8440020020280
:10E3A200020202020202704710B5044608F091FB15
:10E3B20000202061E06010BD0146FF200A69136859
:10E3C200184738B504461546E5602161206828B92A
:10E3D2002B4622460849204608F080FB2068F4F7C5
:10E3E200F8FD20682946F3F76EFA2068BDE832404E
:10E3F200F3F76DBA0000BBE3000010B50AE080B588
:10E40200006828B1F4F700FE401E8041C00F02BD33
:10E41200012002BD04462068F4F7DBFDE1682068B4
:10E42200F3F751FA2068BDE81040F3F750BA10B57F
:10E4320004001CBF2068002806D0F4F7CAFD20465D
:10E44200BDE8104008F06DBB10BDDFF800F0D9B692
:10E45200011010B548217348744CF6F7EEFD1C21EB
:10E4620004F14000F6F7E9FD00202066E0656F49FF
:10E472007048A060E1604FF4FA60A062E06264203C
:10E4820020634FF4C870606364206A492161A0630D
:10E4920040F6746169486161E0614AF2A0506749DF
:10E4A200A161E06310BD10B50446092C04DAFFF740
:10E4B200CCFF5C4941F8240010BD1CB50446092C70
:10E4C20012DAFFF7C2FF574A52F8241061B18142B3
:10E4D2000AD202EB8403596A401852F82410401AF7
:10E4E2005862002042F8240013BD2DE9F8434D4D37
:10E4F200696C002900D0070000F081804FF47A7027
:10E5020041434F4A494EB1FBF2F011F0A2F90246E3
:10E512000B4600204C4908F0F8FC04468946736C0F
:10E52200306C43F6B8014FF407524B4302FB003004
:10E53200B26CF36C42F60A0101FB020041F6C8110B
:10E5420001FB0300326ECE2101FB020011F081F9C2
:10E5520022464B4611F02FFA11F0FFFA386140F6CD
:10E56200D861736D306D42F6B4524B4302FB0030FA
:10E57200B26DF36D40F6426101FB020040F21311ED
:10E5820001FB030011F065F922464B4611F013FA24
:10E5920011F0E3FA78611C2106F14000F6F74DFD17
:10E5A20000203066F065022442F2107805EB840008
:10E5B2000023426AA8FB02016A6CF5F72CF827F8DF
:10E5C200140007EB840037F8142056F82430A8EB27
:10E5D20002015A43B2FBF8F2026189B206F120024B
:10E5E20052F824205143641CB1FBF8F1082C01635A
:10E5F200DCDB2846BDE8F4434821F6F71EBDBDE842
:10E60200F183094AD36DC018D065106E09181166DE
:10E612007047072805DA044901EB8000016C491CA8
:10E62200016470470000944100201C2B0020B01EA2
:10E632000400507A210030E60200D0B1370080FC9D
:10E642000A00A086010000408F4080B5F1F7E1FF8B
:10E652000349034A6420086001211160FEE70000BB
:10E6620008400401004338B5534C04F15000F6F75A
:10E672006AFB6421216504F1500304F1840204F170
:10E68200740104F1A000F6F715F80125E064C8B1A1
:10E692004A48002101718A224179C28001F0F001C9
:10E6A20041710060606400250020A06404F1440010
:10E6B200206104F1640060610120F3F779FA03201C
:10E6C200F3F776FA284632BD7CB5012509B1812AD5
:10E6D20001DB012076BD394C21610026217B668059
:10E6E200E27301F0F0010BB141F08201A360082254
:10E6F200CDE9002603462F4821730022C06C214633
:10E70200F6F787F8002858BF0025284676BDFEB5E3
:10E712000346294A0020107100252648027B4580C5
:10E72200012402F0F00209B142F002028160027398
:10E7320000F13805017B41F080010173002290F85D
:10E74200371001F0F00141F0010180F83710002686
:10E7520000212960002700F16401944681E8C41079
:10E762004FF480362027CDE9006701466869F6F745
:10E7720050F82881002858BF00242046FEBD3EB52F
:10E78200A0F10B01102901D302203EBD00EB800055
:10E7920000F62E100B49C8810022022400250548EC
:10E7A2004A800A82CDE90045C06C0023F6F7B7F92A
:10E7B20000203EBD0000B8070020C03C0020940DA0
:10E7C20000207C0D002020B1082324220021F1F733
:10E7D2000CBF70470168DFF80C26DFF80C36032007
:10E7E200106001221A70CB685878002804BF01F12A
:10E7F2006400F1F7FEBE704700B589B06846FFF7C6
:10E80200E2FF01218DF818106A46DFF8E005F1F702
:10E81200F4FE09B000BD38B50446DFF8D40500683F
:10E82200C1061BD5DFF8D0150968CA0605D4DFF882
:10E83200C82513681D78EA0610D500070ED508070B
:10E8420002D400F035F809D544B9DFF8B0550FF21B
:10E852000061288800239422F1F7D3FE4FF0FF31A4
:10E86200216031BD7CB50446DFF8880500680D469D
:10E87200C1061BD5DFF880150968CA0605D4DFF882
:10E88200782513681E78F20610D500070ED5080702
:10E8920002D400F00DF809D544B9DFF860650FF233
:10E8A200B051308800239E22F1F7ABFE257073BD74
:10E8B200DFF8480501680A78100770472DE9F0472C
:10E8C20006468A46DFF8288590B014464FF0FF319D
:10E8D2004046F1F79AFEDFF828050FF2745950F816
:10E8E200367000EBC6056E68F1F793FE39680029B1
:10E8F20019D5F1F792FE00F04FF9002839D000F057
:10E90200A3F836D0DFF8F0241068084201BFDFF820
:10E91200E804026813880B422BD00FF2A05200F0D9
:10E922008DF8C4231BE029DDBAF1010F26D1F1F7DE
:10E9320074FE00F031F9E0B100F086F819D0DFF88A
:10E94200B4241068084201BFDFF8B00402681388DB
:10E952000B420ED00FF2985200F070F8CC232288AE
:10E96200DFF8A404DFF8A4440068266800934B464D
:10E97200B0474046F1F73DFE00205CE0BAF1000FDF
:10E9820014BF4FF0FF31491C3960F1F746FE386879
:10E9920001284CDC1CB903A8FFF73DFF03AC20683B
:10E9A20078600823B4683022002104A8F1F739FE08
:10E9B20009950021307B0C90009104ABDFF85024C4
:10E9C200214607F12C00F1F730FE04A8FFF7FBFE09
:10E9D20001208DF8280004AA002107F16400F1F754
:10E9E2000CFE04AA012107F14800F1F706FE706847
:10E9F200F3F702F92B460FF23912042107F118003E
:10EA0200F3F72FF800F0C8F888B100F037F80ED508
:10EA120000F02FF802D400F036F808D5306800F084
:10EA22001BF826680FF20C5300F01CF8B047404662
:10EA3200F1F7DFFD284610B0BDE8F0873068DFF857
:10EA4200BC43019202907047DFF8C823DFF8A403A9
:10EA5200116803680B427047DFF8A413DFF8B8436C
:10EA62000A88704700904FF48071DFF898030068BD
:10EA72007047DFF880030168CA057047DFF8742326
:10EA82001168C8057047DFF8700301680A88D0056D
:10EA9200704738B505680C46F1F7BBFD21682A7A44
:10EAA20001238B409A432A724FF0FF312160F1F724
:10EAB200B4FD002032BD2DE9F84305680E46144628
:10EAC20005F148004FF0FF394946F1F79EFD324605
:10EAD200297A092A4F464FF0010809D1072208FA7C
:10EAE20002F3194202D0521EF9D519E0194304E08B
:10EAF20008FA06F6314213D13143174617F1010FD6
:10EB020018BF002C29720BD03946204608F021FB91
:10EB120030B1287A08FA07F720EA07072F724F4622
:10EB220005F14800F1F765FD3846BDE8F2830122A0
:10EB32004BE01168002008727047F8B504460026C1
:10EB42002568696805F16400F1F75FFD08BB00F014
:10EB520023F8B0B1FFF792FF13D5FFF78AFF02D473
:10EB6200FFF791FF0DD56068A54A0168A648A94C38
:10EB72001288006827680FF2D43300914FF4807135
:10EB8200B8470220F2F77DFF05F14800F1F731FDA9
:10EB920000E001263046F2BDA0490888704738B52A
:10EBA200C824914D0120F1F750FA2878641E08B963
:10EBB200002CF7D1287808B1012032BD984801888D
:10EBC200491C0180002032BD00002DE9F84F834628
:10EBD20086B0DBF800908E480E461500864A07681C
:10EBE200844814680068884A1368049307EA000896
:10EBF2008548026803924FF0FF3A7F4A13680093F8
:10EC020009F1480014BF00215146F1F7FEFC3C40D7
:10EC1200F0B9FFF7C1FF002818BFB8F1000F15D0F7
:10EC2200002C02BF0098018839420FD000210291C6
:10EC320040F216220FF244307149DDF8104084A3ED
:10EC4200009201900A8803983946A0470B20C6E03B
:10EC52006649002008707070C9F80C601DB97570A3
:10EC62000220F2F7A5FF3178072900F29380DFE84E
:10EC720001F0040426264C4C6969F1F7CAFC0746E8
:10EC82003078401E804101210591C00F00F0CFF87D
:10EC920008F06CFB00F0D9F8002C21D115B1FFF778
:10ECA2007EFF01E000F0C1F8002868D008F0B8FB50
:10ECB200040015D13169F07808F0C5FB23E0F1F7C3
:10ECC200A8FC0746307802280CBF01200020012151
:10ECD200059100F0ACF808F0D8FB00F0B6F8002C73
:10ECE20074D115B1FFF75BFF01E000F09EF8002838
:10ECF20045D008F06FFC040068D13369F28AB1682C
:10ED0200F07808F07FFC044660E0F1F782FC0746E9
:10ED1200307804280CBF0123002301200090B27830
:10ED2200B168706808F0B9FA00F08FF8002C4DD184
:10ED320015B1FFF734FF01E000F077F8F8B108F001
:10ED420001FB20E0F1F765FC0746307806280CBF8E
:10ED520001200020012101900291B0780090736897
:10ED6200328AF168B06808F03BFA00F06EF86CBBCA
:10ED720015B1FFF714FF01E000F057F808B91420AD
:10ED82002DE008F089FA04462649264A0020086048
:10ED920010601BE0214A1088002818BFB8F1000F4C
:10EDA20013D0002C02BF009802883A420DD0CDF851
:10EDB200081040F2D92087A1114A049C128824A38A
:10EDC2000090019139460398A047544615B9022094
:10EDD200F2F757FE09F14800F1F70BFC204607B0A5
:10EDE200BDE8F08F0000884702403F450020744391
:10EDF2000020400500003C05000044050000840599
:10EE02000000289A010028A0010024A00100D7E7F1
:10EE120000001CA0010020A00100E22E0000802DB5
:10EE220000200047024050450240584685E6317DA9
:10EE32000491B1780391318B0291F1680191F18AC9
:10EE42000091B3687268F178704704463846F1F76A
:10EE5200E4BB433A5C55736572735C4B6566616EE5
:10EE62005C446F776E6C6F6164735C3654695343B4
:10EE7200482D546573746265642D6D61696E202836
:10EE820031295C3654695343482D54657374626565
:10EE9200642D6D61696E5C736F757263655C436F3F
:10EEA2006D706F6E656E74735C68616C5C437279D1
:10EEB20070746F4343323658582E63000000437219
:10EEC2007970746F4343323658583A282570292096
:10EED200696E207573652077697468206578636C44
:10EEE2007573697665206163636573732E0043727F
:10EEF2007970746F4343323658583A282570292066
:10EF0200616C726561647920696E207573652C206D
:10EF12006578636C75736976652061636365737385
:10EF2200206973206E6F7420706F737369626C65F1
:10EF32002E0043727970746F4343323658583A2820
:10EF4200257029206F70656E6564000000004372B1
:10EF52007970746F4343323658583A282570292005
:10EF6200414553207472616E73616374696F6E20E0
:10EF720074696D6564206F75740043727970746F83
:10EF82004343323658583A2043727970746F434380
:10EF9200323658585F7472616E73616374506F6C6D
:10EFA2006C696E672829207761732063616C6C65D8
:10EFB20064207768656E2063727970746F206D6F5C
:10EFC20064756C6520697320616C72656164792077
:10EFD200627573792E0043727970746F43433236CF
:10EFE20058583A20436F756C64206E6F74207265B6
:10EFF200636F676E697A65207472616E73616374A0
:10F00200696F6E20282570292E004178007800EB68
:10F01200012080B2704710B504460846114622000E
:10F0220002D0DAB289B2A04710BD38B50246032A2F
:10F03200084602D1F9F7DEFB01E0FFF7E6FF0546DD
:10F0420000F058FE98B1886810F0F0F904000ED074
:10F0520000F0D8F8218CA94202BF617D01F01102B3
:10F06200112A04BF01F0EF0161750400F0D131BD36
:10F07200D0B514461F8AE67D7E43B6B200233246DF
:10F08200F4F7C9FAA6FB0023207E784306FB01337E
:10F09200121843EBE073A08B002110185941D0BD28
:10F0A2002DE9FE4FDFF85C5C0F4614462A6A1421F4
:10F0B2004843111801F5A27600F0AAF8002800F0E2
:10F0C20099803846F8F77BF801AB0DF102026946E8
:10F0D20002F04EFABDF8020097F883A0032801A8B7
:10F0E20002D1F9F787FB01E0FFF78FFF8046BDF8F9
:10F0F2000000411E8941C90F002CADF800103BD120
:10F102002C6A20786278257940EA0220A27840EAC7
:10F112000242E07842EA0062B068144610F086F9D2
:10F12200814633464A4620462946FFF7A1FFA942B7
:10F132002BD828BFA04228D2484610F0BAF948B1CD
:10F14200484600E0384610F0B4F905E000F05DF8FA
:10F152000028F7D100F05CF807464F4515D033463A
:10F162003A4620462946FFF783FF8D42EED828BF54
:10F172008442EBD2B94608E000F044F810B900F03E
:10F1820047F801E000F03EF8814600250FF6744B87
:10F19200E8B254461BF800004F468246797D2CB1F6
:10F1A200212909D000F031F8D0B126E0212903D17C
:10F1B20000F02BF8A0B120E011EA0A0F0DD0B87DC3
:10F1C200BDF80020904208D1388C4FF6FF72904271
:10F1D20016D0404501D1C80612D500F016F860B924
:10F1E20000F016F807464F45D8D16D1CE8B2012849
:10F1F200A246CDDD0020BDE8FE8F00F006F8F1E763
:10F202003846F8E7204610F054B9384610F051B9A4
:10F21200B06810F00BB91CB5DFF8740B006A90F8F7
:10F222004411012914D100F5A274A06810F0FEF86F
:10F2320070B1A06810F0FAF801E0FFF7E3FF0400F4
:10F2420006D0A06810F0F2F80028F6D0002016BD13
:10F25200012016BD2DE9F0419AB00546147B5421D8
:10F2620005A8F5F7EAFE05A9284608F028FA0600DF
:10F2720071D001F06AFE02286DD105AA31462846F6
:10F2820008F030FA002866D001F068FE064601F068
:10F2920068FE054602F0A9F9804602F0A3F9464548
:10F2A200074658D102F099F9804601F047FE01461F
:10F2B20042463046F6F7E7FF80B200284BD0BD4207
:10F2C20049D102F088F9064601F03AFE014632467B
:10F2D2002846F6F7D8FF80B200283CD001F04AFE5B
:10F2E20048B902F088F930B902F088F9054601F010
:10F2F20044FE85422FD100208DF8080001F037FE30
:10F30200DFF8905A2E1900286CD001F019FEFFF791
:10F312007CFE01F0A7FB002864D01E208DF80100BE
:10F3220001F031FE044601F02BFE6A462146F7F752
:10F33200CDFB002856D0019802A9F7F7AAFBBDF928
:10F342000A0000270024002807DD401C00F064F8B2
:10F3520054B1012708E000205BE005D5401E404281
:10F3620000F05AF804B1022701F0F8FD02281BD17F
:10F37200049810F1020F18BFC5F8B4019DF80C00F3
:10F38200FE281CBF96F8E910FF290DD096F8A92097
:10F3920001FB0200491C90FBF1F086F8A90096F8E7
:10F3A200E900401C86F8E900380015D039462046AD
:10F3B200FBF761F9DFF8E009A989EB896043000CEA
:10F3C20001FB03034A1C491CA981B3FBF2F2298AFF
:10F3D200EA81814238BF288200230022214616207A
:10F3E20000F0D3FB96F86900FF2811D0DFF8AC39A2
:10F3F20096F829200146587A01FB0202491C92FB29
:10F40200F1F086F8290096F86900401C86F8690038
:10F4120001201AB0BDE8F0810004DFF87819B0FBD2
:10F42200F1F4704738B50D4604462B7CE968A868AC
:10F43200FFF7F1FDA17D01290CD0DFF850492946E3
:10F4420004F13800F9F711F86089010018BF0121B1
:10F45200401A608131BD38B5DFF8A848DFF840199D
:10F46200207900280CBFC878401C0979C3B29942A0
:10F4720038BF08462071F8F7B2FF05460FF0EDFDE0
:10F482000121451994F9040001FA00F0ADB2401EC1
:10F4920095FBF0F100FB1155258131BD10B5DFF868
:10F4A200EC48206204F13800F8F7BDFF00216181C9
:10F4B2001420F7F713FE60621520F7F70FFEA06223
:10F4C2001620F7F70BFEE06204F13800F8F7B9FFF7
:10F4D20020630020207101202081002010BD2DE931
:10F4E200F047DFF81C788046386A0E4690F84411DF
:10F4F2000129914606D1002241460020FFF7D0FDA6
:10F50200040007D10023E62249463046FFF783FD77
:10F51200E62033E0A07D012808BF3D6B0DD0F2F755
:10F52200EAF9824607F13800F8F78BFF0546788939
:10F53200401C78815046F2F7E2F965B9DFF85408C9
:10F54200018B491C01830023F12249463046FFF713
:10F5520062FDF12012E0002028602874C5F80480C2
:10F56200AE60C5F80C90F2F7C6F90646A0682946C7
:10F572000FF066FF3046F2F7C2F90020BDE8F087CF
:10F5820038B50C46154601462B462246142000F09B
:10F59200FCFA38B92946204601B0BDE830400023C4
:10F5A200F12238E531BD80B5012905D180680FF01F
:10F5B2003DFF80B9002002BD0429FBD1DFF8D0173E
:10F5C2000A89521E0A8112B2002AF3D580680FF00E
:10F5D2002DFF0028EED0012002BD2DE9F24F074693
:10F5E2008EB0B86891469A460FF042FF80460021DD
:10F5F200C8F80010D8F804B0BBF1000F00F0F48096
:10F602005846F7F7DCFD01F0C7FF4FEA19608DF8A5
:10F6120007008DF805A04FEA19408DF806004FEA61
:10F62200094601F0DCFF360EA0B95846F7F7C9FDCE
:10F6320001F0E7FF044684F8009066709DF806002A
:10F64200A0709DF80700E0709DF805002071FEF79C
:10F652000CFD607101F0E2FF069001F0E9FF0890F5
:10F6620001F0D9FF00281CBF06980028DFF8945645
:10F6720000F0C7808622594605F14400F5F789FC5F
:10F6820001F0A9FFFFF7C1FCADF8080005F1440B3A
:10F6920001F0C8FF04A900910DAB0146BDF80800B6
:10F6A200DFF80027F7F7CAFF18B12978491C29703B
:10F6B20097E001F0B9FF002838D105F14400F7F7CF
:10F6C2007EFD044601F0B8FF21180898B8B1BAF1DE
:10F6D200FF0F08BFB9F1FF3F19D081F801908E707A
:10F6E2004C469DF80600C8709DF8070008719DF809
:10F6F200050048719DF805008DF8040016E0049895
:10F7020000228DF80420046814F1010F03D16878F7
:10F71200401C687065E04C70200A8870200CC8702C
:10F72200200E087104980168491C0160069800F0D7
:10F732000300411C090600EB91608000059001F076
:10F742004EFF03280CBF0126002605F14400F7F7FF
:10F7520036FD079001F078FF009001F071FF0099EB
:10F762004018361805F14400F7F71EFD0090F6B276
:10F7720005F14400F7F721FD00994118891BCAB22F
:10F78200059892198218921C802A03DBA878401CE3
:10F79200A87026E0DFF81006036809AA1360436820
:10F7A20053600B201454240A401E0828FADA0898E1
:10F7B200002819BF9DF80430137306981073079838
:10F7C200C9B28019029101900096DFF8D40505991B
:10F7D200079B0068C9B2F8F717F838B1E878401CFF
:10F7E200E870802200F0B8F98020AFE105F1440012
:10F7F200F7F7DAFC05990818C1B205F14400F7F7EA
:10F80200CBFC01F0EFFE00260328DFF89C4506D171
:10F8120001F0E1FE2146F6F71DFD40B908E002289D
:10F8220006D101F0D8FE2146F6F721FD00B10126EE
:10F8320001206871002401F0D2FE28B9DFF87005BA
:10F84200C17F880700F18280B889F8F74CFD040077
:10F8520028D10FF002FC0446DFF8580501680C1BA2
:10F862000E990C190B3C002C05DDDFF828054443EA
:10F87200240CA40000E00024F4F79FFF2418009455
:10F8820000F067F904465846F7F799FC009A2146BA
:10F89200F8F706FD04000AD10E9A42F210710FF039
:10F8A200FFFC07E0DFF8EC04018C491C0184E12233
:10F8B20000F052F900208DF80C00ADF80E0056EA67
:10F8C200040043D101F094FE00283FD00FF0C5FBA5
:10F8D200DFF8E424DFF8E4341168081A196808181C
:10F8E2000B38002805DDDFF8AC144843000C80001B
:10F8F20000E000200090F4F760FF00990918DFF89B
:10F90200BC04F8F7DFFC00206871DFF8A814DFF808
:10F91200A804DFF8AC3402680968186841180520A9
:10F922000FF0BEFC80B9DFF89004DFF8881402689B
:10F93200DFF89004096803685918DFF888341868FA
:10F94200411802200FF0ACFCF8F7C1FC687910B93D
:10F952009DF80C100BE0002068713A46686A59461F
:10F96200FFF778FC0028ADF80E0002DD01210091BE
:10F9720001E00020009098F81010491C88F810103F
:10F98200C6B100F0E6F80021FEF73BFE002C787DC0
:10F992000AD1410703D4FFF73EFC002803D0002020
:10F9A200287101202881A8E0410748BFFFF753FDD5
:10F9B200E122B9E00620FEF72CFE00F0CAF8BDF9FC
:10F9C2000E10FEF71EFE01F013FE28B1009801286A
:10F9D20004D014B9E92601E004B1E12601F0FBFDEF
:10F9E200FFF713FBADF80800DFF8A843787D00F0BD
:10F9F20007000190618CBDF80800884204BF01989D
:10FA0200012850D100F0A5F88DF800005846F7F70C
:10FA1200D6FB04F5D6725068D368397B00F1010C2D
:10FA22009DF80000C2F804C0C318D3606EB110681C
:10FA3200DFF86CE3401C10609EF8020098F810E0BA
:10FA4200704502D2606A401C6062DFF87C03844524
:10FA520004D114205060002010606062DFF870034F
:10FA6200834203D3DFF86C03C318D360601890F8A5
:10FA72006911FF2917D0491C80F86911AEB190F8BD
:10FA82002911491C80F82911DFF81403817898F8AC
:10FA9200100081424BD2787D410730D50021297177
:10FAA200012028813FE0002EEED1C5F834B0787DE8
:10FAB200410702D4FFF7AFFB18B1002028710120E3
:10FAC2002881787D41070BF182005CBF0021A9717A
:10FAD20001781E2902BFBDF80820618C8A4204BF4A
:10FAE2000199012909D14278F12A08BFC5E9049A8E
:10FAF2004078F22808BFC5E9069A002214E0A879E6
:10FB0200401CA871C0B20A280DDBB24802682AB1B3
:10FB120011218DF800106846002190470020A8713D
:10FB2200A08A401CA082324600F016F80DE0387D13
:10FB32003A465946FFF7B4FA414680680FF08FFC07
:10FB4200787D410748BFFFF786FC00200FB0BDE873
:10FB5200F08F5846F7F728BB4146384662E438B57D
:10FB62009E48046861B191499D488B8843434FF494
:10FB72007A75B3FBF5F2520800212046F8F7F6FB3E
:10FB82002046BDE83240F8F70CBC7FB5054603209D
:10FB920002F08EFF0446002604B3257001A884F803
:10FBA200C260A11C02680A6002A8A11D02680A6064
:10FBB20003A804F10A0102688A480A60009400233B
:10FBC200006800226946F8F7AEFB060006D17048CD
:10FBD2004189491C4181204602F081FF304604B030
:10FBE20070BD0146002300221520CEE71CB5046833
:10FBF2004448826A00211170826A51706946806AA3
:10FC0200A060E0898DF80000000A8DF80100A0686C
:10FC120007F0D1FE28B90022E5212046FFF79FFF19
:10FC220013BDA06870492246FFF759FC13BD38B5D1
:10FC32006A490C68ACB15D4A0568938856486749C1
:10FC420045434B434FF47A722D0C40F29111B3FBB2
:10FC5200F2F28D4228BF520800212046F8F786FBB7
:10FC62008EE731BDF8B505462648504F0E46016A6B
:10FC7200D1F84C010FF0DAFB01E0397EE1750400A6
:10FC820014D00FF016FC617D0629F8D1A28B012A4F
:10FC9200F3D0201DA0606A46608B308004F114010D
:10FCA200207D28700E20ADF800001FE08020F2BDFC
:10FCB200F8B5074636480D46016AD1F84C0116469A
:10FCC2000FF0B4FB04000FD00FF0F3FB218CB9420C
:10FCD200F8D10E20ADF800006A46618B318004F144
:10FCE2001401207D287001E08020F2BD692000F01F
:10FCF200D9FDF2BD2648016A01F5A2710878704764
:10FD020000001001001170B50646204D17E0286B67
:10FD1200844214D000202060A96A606888421EBF15
:10FD2200E96A8842F7F7F8F9214605F13800F8F751
:10FD32009CFB6889010018BF0121401A6881B068E4
:10FD42000FF096FB0400E2D170BDF8B5104F84B0FD
:10FD5200F1F7D1FD396A01F5A2710646087860B162
:10FD620088680FF063FB050007D028460FF0A1FB5F
:10FD7200044600F03AF82500F7D10020387101203E
:10FD820038813046F1F7BBFD05B0F0BD000010012F
:10FD92000011802D002040420F002C1D0011544301
:10FDA2000020D41F0011E8440020D49F0100F44237
:10FDB20000206440002070400020BC1F00119DA65E
:10FDC2000000784000208040002000093D000084AF
:10FDD200D717007C28E844440020249B0100A08619
:10FDE2000100289B010061FB0000287D8DF80100C5
:10FDF2000221688BADF802008DF800106846F6F714
:10FE0200A2BF010400004178007800EB012080B21B
:10FE120070472DE9FC4FA1B006468846154654218D
:10FE22000CA8F5F70AF901F08DF883464046F7F77A
:10FE3200BBF902900CA9404607F041FCADF8000066
:10FE420010B301F07BF8DFF89C43074620894FF698
:10FE5200FF71884204D001F07EF82189814213D1DA
:10FE620001F07CF80228DFF880430FD003280BD181
:10FE720021463846F6F7EEF9C4B2DFF87013384679
:10FE8200F6F7E8F9204311D1002039E13846FFF7AF
:10FE9200BAFF824621463846F6F7E9F9C4B2DFF8DE
:10FEA200500301888A4501D0002CEDD001F04DF8B5
:10FEB20000281CBF012803280190CE4F40F0EA80A1
:10FEC200CE49CE4B069500250A681968CD4BA2EBA8
:10FED200010C0299490101F580710904B1FBF3F1AA
:10FEE200ACEB010C0699DC440020ACEB0101B1EB58
:10FEF200420F0AD2B1FBF2F002FB101028B1B0EBB4
:10FF0200520F32BF0125101A0225994609FB00F152
:10FF12004FEA114A03967968BB4E4A7B012A04BF15
:10FF22009DF88810012917D1039911B1497D0A075B
:10FF320012D5290010D0FAF79EFBB089F28900FB96
:10FF420002A2411CB2FBF1F1F181401CB081308A66
:10FF5200504538BFA6F810A0002C40F0948001F064
:10FF620003F8002800F08F8003988089F8F7BBF926
:10FF7200012803D1308C401C308485E7B868002109
:10FF8200F7F70AF9002035B1012D0CBFCAF1000ABA
:10FF9200022D00D1504600218DF810101E2207219B
:10FFA2008DF811208DF81210ADF81E0007AA00205E
:10FFB200FE2105928DF81C008DF820106FF00104CF
:10FFC200099400F0CEFF02281ED100F0C7FF0228DC
:10FFD2001AD100F0B5FFFFF716FFF8F741FC05282C
:10FFE200064611D0F8F769FCA0420DD0451C8648A0
:0EFFF200854208BF002529463046F8F76AFC14
:020000040001F9
:1000000000F0C6FF8DF820000995B868F7F7DAF818
:100010000146802204A8F6F7C6FC0146B868F7F747
:10002000BCF8B868012107F064FCB868F7F7BDF8C0
:10003000040023D00FF012F875490A68101A5844CA
:100040000B380028C3BF09FB00F0000C4FEA800901
:100050004FF00009F4F7B2FB8144B868F7F7A5F850
:100060000546B868F7F7ACF84A462946F8F719F993
:1000700020B9069A42F210710FF013F90220FEF730
:10008000C9FA0299204604E00320FEF7C3FA029958
:100090000020FEF7B7FABDF800100CAA404607F0A2
:1000A00022FB002805D0019820B1012818BF0328A1
:1000B00020D0EAE67968887AE0B9497B012919D02D
:1000C0001A208DF812004046F7F76FF804464046B4
:1000D000F7F778F803AA2146F6F7FBFB50B106982C
:1000E00008A9F6F7A2FADDE90823029989B2404689
:1000F000FAF758FA47498A68404690474046F7F76A
:1001000054F823B0BDE8F08F10B53B4C6060102070
:10011000F6F7E5FFA0601120F6F7E1FFE0600020B0
:1001200010BD80B5344949684A7B012A1CBF097B50
:10013000012901D1E62002BD014600230022002052
:10014000FFF768FE002002BD2DE9F04104462A4D6C
:10015000002028708846A089F8F7C6F8012805D144
:100160002948018C491C018480203BE00EF076FF79
:10017000294F06463868861B46445D3E002E04DD46
:1001800020484643360CB60000E00026F4F716FB84
:100190003118224E2248F8F796F83968306841182D
:1001A000424605200FF07DF848B939681D4F306888
:1001B0003B6841184246591802200FF072F828781F
:1001C00030B9F8F785F80120FEF724FAEB2009E0B2
:1001D000F8F77EF8E968012342462046FFF71AFE49
:1001E00000202870BDE8F08154430020D49F010016
:1001F000E844002054450020641F001160400020A6
:100200006440002040420F00802D002000093D0086
:1002100074400020449F0100684000206C40002092
:100220009DA600007C4000200EF0FABE70B5054689
:1002300004986B600E46A8602E60F0F7EBF90F4A49
:100240001168002401B901241560F0F7E7F914B131
:1002500030460EF00DFF002070BD10B5074C206831
:1002600058B100212160426881689047206820B120
:100270000068BDE810400EF0FBBE10BD3845002000
:1002800011040270090E41700371110C8170110E7E
:10029000C1707047024681B0918871B1072021FA80
:1002A00000F2D20706D4401E42B2002AF7D5002041
:1002B00001B070472030C0B2FAE7518859B10F2021
:1002C00021FA00F2D20704D4401E42B2002AF7D528
:1002D000EDE71030EFE711880F2021FA00F2D20786
:1002E000E9D4401E42B2002AF7D5E0E78A0602D5DB
:1002F0008088203904E0CA0646BF4088103900884B
:10030000C84000F0010070472DE9FE4388460021F7
:100310000A9D88450446914601D84C452CD3414559
:1003200004BFA145298028D0200CADF802001E464C
:1003300008F0FF00ADF80400ADF800406846FFF794
:10034000A9FF074620464146BA1B07F0CFFB0446EB
:10035000BE1B0EE0A0B2484528BFA4EB0904002E46
:1003600006DD711EC9B26846FFF7C0FF40EA4404CB
:10037000761E76B2002EEDD52C800120BDE8FE83DE
:10038000F0B5FF220023002415E002F00105160657
:10039000760E06EBC316D3B282EA5312120106F0B0
:1003A000EF0602F01007BA192B46D5B205EB03256C
:1003B00020F8025B641CE5B28D42E6D3F0BD014635
:1003C000DFF860070278012A06BF837B8B4200209A
:1003D000704700210170DFF85017087A08B9012230
:1003E0000A72087A421E0A72704770B505460E46B8
:1003F000A8680FF01CF8040003D0B08BA18B8842D2
:1004000005D2A8683146BDE870400FF029B82046F3
:100410000FF050F828B1B18B828B914228BF04466F
:10042000F6D2A86832462146BDE870400FF039B8D0
:1004300038B504460D46A0680FF022F86178481ED2
:1004400029466070BDE83440DFF8E006F8F70EB8E2
:1004500010B580680C460EF0EAFF01E00FF02AF8B4
:1004600000281CBF418BA142F8D110BD2DE9F041FD
:1004700005461446A86898460EF0D9FF060014D029
:100480002A8A00F017F8069F04468846B08BB842C7
:1004900006D1F27D00F00EF8357ED2B2954207D03B
:1004A00030460FF007F80600F0D10020BDE8F081DB
:1004B0003046FBE7204641460023F3F7ADB82DE96F
:1004C000FE4F06461546B06899460EF0B0FF4FF055
:1004D000FF3A00240700D346A0463ED0CDE900599C
:1004E000368AA146FD7D7543DDE90001ADB22A469D
:1004F0000023F3F791F8A5FB0023387E704305FB3A
:100500000133121843EBE073B88B002110185941E6
:10051000DDE9002302E0401941EB09018B42FAD8E2
:1005200028BF8242F7D2CDE90023821A61EB030390
:100530004B4508BF4A450BD05B4509D828BF5245FB
:1005400006D2884604460C99787D087092469B46F0
:1005500038460EF0AFFF0700C4D12046414603B035
:10056000BDE8F08FB8B58DB0F1F7C6F90446DFF8F5
:10057000B85505F5F470F7F757FF00220023284619
:10058000FFF77EFE05F5A270002101700175C161C3
:100590000020020405EBD222002182F86811401CE1
:1005A00081B20429F5DB102105A8FFF7E9FE01203F
:1005B0002874002100202875019102910391049173
:1005C000E982DFF86C0500905DF82120002322FA13
:1005D00003F7FF0709D5EF8A05EB4700DFB207EB0A
:1005E0004117C783EF8A7F1CEF825B1CDFB2202F8D
:1005F000EDDB491C0429E7DDE88AA8832046F1F7F2
:100600007FF928460EB0B0BD80B5F1F775F9DFF877
:10061000182501219172F1F773F9002002BD2DE92F
:10062000F04104460E4617460025F1F765F9642CA3
:100630008046DFF8F4142FD0692C35D0702C27D0E9
:100640008F2C16D0902C17D0912C02D0922C0DD03C
:1006500038E0052421B122463046F4F79BFC3C806B
:100660004046F1F74DF92846BDE8F081491D0124C7
:10067000F0E7891D0224EDE7307808B1F925EFE7AE
:10068000087C08B9E825EBE714314FF48A74E1E7F8
:1006900001F594711A24DDE700F087F90028F1D004
:1006A00000F10E010424D5E700F07FF90028E9D01D
:1006B000F188FFF7CDFE08B9D425D1E700F1140188
:1006C0000E24C7E7F425CBE72DE9FC4780460F460B
:1006D00092460026F1F710F9DFF84C54B8F1010FFB
:1006E000814605F5A27400F0A380B8F1640F44D0F0
:1006F000B8F1690F61D0B8F1700F3AD0B8F18F0F2F
:100700001CD0B8F1900F1CD0B8F1910F03D0B8F104
:10071000920F04D0B7E0687B50B1FB2608E0681D5B
:10072000012428B122463946F4F734FCAAF80040E7
:100730004846F1F7E5F83046BDE8F687A81D0224E3
:10074000EFE7387808B1F926F2E705F110024FF427
:100750008C71125C012A01D1E826E9E705F110024B
:10076000012313544FF48A743878414368181430C5
:10077000D7E705F594701A24D3E73878FFF71FFE02
:100780000028E9D12078012815D03978A17378881C
:100790002082666005F5A470A0600EF045FE267309
:1007A0000F20218A21FA00F2D2076ED4401E42B2F5
:1007B000002AF7D56AE0D226BAE73878FFF7FFFDBE
:1007C0000400C9D005F5F470F7F73CFE050008BF3A
:1007D000D426ADD0A0680EF02AFEB04601E00EF09F
:1007E00069FE68B1018CBA89914202BF417D7A7875
:1007F000914202BF817DBA789142F0D14FF0010859
:100800002E60B8F1000F12BF80686E60281DA860CE
:1008100029463889A883787868752C612046FFF7C7
:10082000E4FD6078401C60700E2405F1140078E748
:10083000207D012890D0E6614FF47A703988BD4B55
:10084000B1FBF0F290B2E0B94FF47A7000FB1211F4
:1008500089B25943B1FBF0F0A06105F5AC7278881C
:10086000B54960843888208401202075B348076822
:100870003846F7F7A2FDA26900213846F7F777FD61
:1008800056E75843E8E7F42652E72073012020702A
:10089000287A401C2872C0B208B90120287205F5D8
:1008A000A97004243DE72DE9F84F00F0D7F8642C37
:1008B000804602D0692C19D06BE000F076F8050074
:1008C00008BFD12766D0FFF741FAA8680EF0AFFD48
:1008D00006E021462846FFF7ABFD20460EF0EAFD74
:1008E0000400F6D12846FFF774FD53E030894FF637
:1008F000FE71884235D1DFF83092B6F80CB009F5B8
:10090000A27A9AF8000000284AD0DAF808000EF01F
:100910008EFD0024050012E02C460FE026609AF8B8
:100920000100411E8AF801102F60698B287DF4F7C1
:10093000D8FC294609F5F470F7F798FD35002FD05B
:1009400028460EF0B7FD0646288C5845E4D12846C7
:10095000FFF7DAF9002CE1D1DAF808000EF089FD92
:10096000DDE700F022F8050008BFE82712D0F18883
:10097000FFF76EFD040008BFD3270BD0FFF7C4F9C3
:10098000618B207DF4F7ADFC21462846FFF750FD32
:1009900000E0F4274046F0F7B3FF3846BDE8F28F99
:1009A00000215846F7F7A0FFF4E7307807E52DE976
:1009B000F04100F053F8642C804602D0692C14D02A
:1009C00040E0FFF7F2FF08B9D1273CE0018A7288C6
:1009D000914238D000220F2321FA03F4E40738D4DF
:1009E0005B1E5CB2002CF7D534E0FFF7DEFF04009D
:1009F00026D0F188FFF72CFD050008BFD32722D0B1
:100A0000288CB189884202BFA87DB178884217D16D
:100A10007089E98B814218BFE8837078697D8142D3
:100A200018BF68753089A98B81420CD0A8832946EC
:100A3000A0680EF025FD29462046FFF7D6FC02E00F
:100A4000E82700E0F4274046F0F75AFF3846BDE8B3
:100A5000F081DAB2718801820273F4E704460E462F
:100A60000027F0F749BF36490A78012A04BFC9892F
:100A7000814201D101207047002070472DE9F047E5
:100A800080469146002500200024B9F1020FA246BD
:100A900045DD24480F460178032601293AD18068B4
:100AA0000EF0C5FC34E01FFA8AF141452CD3641CDA
:100AB000A9EB06010D2927DB00F11401BA190B7807
:100AC0001370761C00F1150100F03CF800F11601DE
:100AD00000F038F800F1170100F034F800F11801C7
:100AE00000F030F800F11A0100F032F800F11C01BA
:100AF00000F02EF800F11E0100F02AF800F12001AC
:100B000000F026F8F6B26D1C0EF0D4FC0AF1010AD2
:100B10000028C8D13C707D7087F802803046BDE85F
:100B2000F08700004C03002008020020F0030020A2
:100B300000F0FF07A0860100E5FB0000249B0100F8
:100B400060030020F2B23A440B781370761C7047B1
:100B5000F2B23A440B781370B61C4B78537070475E
:100B6000DFF834140867704770B5DFF82C5404467A
:100B700090B0A87C8DF835000DF13506687C70705A
:100B800000210B9108B9A87DB070687DF070032832
:100B900005D105F1680106A8F5F742FB08E0022837
:100BA00005D105F1680106A8F5F741FB00E0F170F9
:100BB000E87C3071032805D105F1600108A8F5F73C
:100BC0002FFB09E0022805D105F1600108A8F5F71F
:100BD0002EFB01E0002030710D2102A8F4F72EFA5F
:100BE000687ADFF8B813B07128787071287ADFF866
:100BF000B053400100F580700004B0FBF1F04042BA
:100C00000A90286850B102218DF80010F9F742FDD2
:100C1000A4F8840021462A686846904710B070BD49
:100C200010B50C0018BF01241470BDE81040F6F791
:100C3000B4BA2DE9F043DFF860538046A87C87B052
:100C4000002650B14046F6F7B0FA06464046F6F7A1
:100C5000B9FA3146F5F77DFE06464046F6F7B2FA98
:100C60008419DFF840732078012810D0022820D0A2
:100C7000032873D0112800F08180122800F08F80A3
:100C8000132800F0A780142800F0B480C8E0607832
:100C90008DF8170005F1680100F0CEF8300003D0A0
:100CA00031464046F6F779FA3A68002AEED003203A
:100CB000B1E0286F90F888100129E7D1BA48D0F840
:100CC00000904846F2F7A1F90028DFD04846F2F735
:100CD00081F9296F002081F88800A178607800EB05
:100CE0000120ADF80600E0788DF80500002804BF6B
:100CF000687D032825D1F4F7C8FC283005F1680188
:100D00004278007800EB022080B2F7F725FE05F16B
:100D100068014A20F6F776F905F168010120F6F737
:100D200021FC69460020F6F73DFC688C05F168025D
:100D30006946F6F7F4FB688C05F168026946F6F738
:100D400059FC0DF1150200F070F83A68002A67D0DE
:100D500004208DF80400414601A860E060788DF819
:100D60000B0005F168010DF10300F5F759FAF9F7E9
:100D700053F83A68002A53D005204CE000F058F8A8
:100D800000F05EF802D1F5F74BFA01E0F5F74FFA03
:100D900000F049F83A68002A42D00B203BE0607826
:100DA000A17800EB0120ADF80A00211DE0788DF854
:100DB000010000F041F8207B617B00EB0120ADF8E1
:100DC0000C000DF10E0200F030F83A68002A27D02E
:100DD0000C2020E000F02CF800F032F802D1F5F7FA
:100DE0001FFA01E0F5F723FA00F01DF83A68BAB1EE
:100DF0000D2010E060788DF8010000F01CF8A07A5A
:100E0000E17A00EB0120ADF80A0003AA00F00DF82A
:100E10003A682AB10E208DF8000041466846904796
:100E200007B0BDE8F0830DF1160231464046F7E603
:100E300060788DF80C00A11C0DF10200F5F7F0B9F7
:100E4000A07AE17A00EB0120ADF80A0005F1680113
:100E5000687D8DF80D0003280DF10E00704738B540
:100E60004D4D0446A87A8EB058B1012805D003280C
:100E700004BF2046FFF7DDFE3FE02046FFF774FE8B
:100E80003BE0A87C8DF80300687C8DF8040010B965
:100E9000A87D8DF8340005F16802688CADF810006B
:100EA00002A9687D8DF81200F5F7C6F99DF81200C9
:100EB000022802D102A9002003E0032803D102A9DD
:100EC0000120F6F74FFB687A2978344A8DF8140030
:100ED0008DF81310287A6968400100F580700004CD
:100EE000B0FBF2F0091A06912E490A682AB10720D0
:100EF0008DF800002146684690470FB030BD38B5E8
:100F00000446254D05F10C0021465422F4F752F811
:100F100004F10E0105F16000F5F782F904F1180102
:100F200005F16800BDE83440F5F77AB930B5039CA7
:100F3000194DAC7268606A722B70297230BD1B4803
:100F400070471B4870471448406870471248807AC1
:100F500070471148408C70470F48008B70470E480F
:100F6000C07C70470C48407D70470B48C07B704781
:100F70000948807C70470848407C70470648807D5F
:100F800070470548806C7047034890F84C007047E4
:100F90000148407A704700002C1D001140420F00AC
:100FA00048440020444400201C9B01008C1D00117B
:100FB000941D0011E0B58DF801108DF80320DFF8C5
:100FC00094160A6812B1012300F00CF807BD80B531
:100FD0008DF80110DFF880160A6812B10A2300F0BC
:100FE00001F801BD8DF8003001466846104700B594
:100FF00085B0EB208DF801000021DFF86006026962
:10100000DFF8540682F88810026822B104238DF8B4
:1010100000306846904705B000BD80B586B08DF8B9
:1010200005008DF816200DF10E000A6802604A686E
:101030004260DFF8240602682AB113238DF80030DD
:1010400000216846904707B000BD30B585B00C461A
:1010500008B1F6F762F8DFF80406016901F18400CF
:10106000210015D10268DFF8F80542434FF47A7188
:10107000B2FBF1F4DFF8EC150D682846F1F7AAFF92
:1010800021462846F0F720FC2846F0F721FC0AE02C
:101090008DF8014000210171DFF8BC05026812B132
:1010A000042100F011F805B030BD10B50C46F6F77C
:1010B00034F844B900F01EF8E07904F15401BDE8B9
:1010C00010400022A9E710BD8DF8001068460021ED
:1010D0001047F6F722B810B50C46F6F71EF844B9DB
:1010E00000F008F804F16801BDE810400122032077
:1010F00093E710BDDFF87045E07904F15401FDF786
:1011000095BFDFF858150861002008707E204870F0
:1011100000208870486008727F2048720020887222
:10112000C860704778B599B0044600F025F90120F1
:101130008DF8100004F1220503902878029004F144
:101140001700019068780090238CA27D617D00F0EB
:1011500008F9617B012901BFA07B00286978022979
:1011600017D1E07D217EDFF80425938C00EB012070
:1011700080B2002100E0491C99420ADA02EB4115D5
:1011800035F8346FB042F6D1A87C410744BFFF2147
:10119000A173211D04A806F079FC246800F00EF864
:1011A00028B90022E5212046FFF704FF04E000F003
:1011B00042F8DFF8BC14A0471AB070BD04A920465D
:1011C00006F03EBB30B599B0044600F0D5F80020DB
:1011D00000F053F90222039102920194607DDFF83E
:1011E00094140B8800900121A27D00F0BAF8DFF87A
:1011F0006C04139002218DF8501004A9E469FFF7E4
:10120000DEFF05462046F5F7D0FF472805D02046EB
:10121000F5F7CBFF322800D0FEE72DB90022E521FB
:101220002046FFF7D4FE04E000F005F8DFF848148C
:10123000A04719B030BDDFF84434224620469C68F0
:1012400070472DE9F841DFF8145499B0044600F0D6
:1012500093F8286990F88810D4F81C80012902D1ED
:10126000002282212DE0012180F888104046F5F708
:101270009CFF06464046F5F7A5FF871900F074F875
:1012800004F10D00019003910022207E0090E38A7A
:10129000A17E00F066F8A07E18B1139502208DF8AB
:1012A000500001213970B61C607E7870F1B2404662
:1012B000F5F773FF04A9404606F0C2FA28B90022E8
:1012C000E5214046FFF7C1FE07E0DFF8B033DFF865
:1012D000B0139C6842464046A0471AB0BDE8F08172
:1012E00078B599B0044600F047F800210320DFF8F4
:1012F00084532B8803918DF8100002900194009084
:101300000022217E00F02DF82888224604F10801F1
:10131000F6F705F9E56900F0BCF800F0B6F83044DE
:1013200002210170361D218941702189090A8170CD
:10133000E17DC1702846F1B2F5F72FFF00F0A1F86A
:1013400028B90022E5212846FFF7AFFE07E0DFF8C5
:101350002C33DFF830139C682A462846A0471AB081
:1013600070BD04A806F045BB03208DF81000029064
:101370000121704704460D46542104A8F3F75EBED0
:10138000F0B599B0FFF7F6FF00F076F8A01C022246
:101390000190039102920022A07A00902388A17DFF
:1013A000FFF7DFFF10B10022E8210EE000F071F836
:1013B00000F06BF88719112000F00FF800F016F814
:1013C00000F05FF828B90022E5212846FFF781FEEA
:1013D00001E000F088F819B0F0BD387004F10C019C
:1013E000E07A78700C36B81CF4F71ABFA08AB8728D
:1013F000F1B2A08A000AF8722846F5F7CEBEF0B521
:1014000099B0FFF7B7FF00F037F804F10E0000F0D5
:1014100076F8607B00F06DF800F03BF800F035F8EE
:101420008719122038702146208978700E3620895D
:10143000000AB870207BF870381DF4F7F1FE60895F
:10144000387321466089000A78738F48F4F7E8FE04
:10145000F1B2FFF7D1FF00F014F828B90022E5211E
:101460002846FFF738FE05E0844B88499C682A46E9
:101470002846A04719B0F0BD03208DF810000121C7
:10148000704704A9284606F0DBB906462846F5F75A
:1014900099BE2846F5F789BEF0B599B0FFF76AFF07
:1014A000FFF7EAFFA01C00F02AF8A07A00F021F86C
:1014B00010B10022E8210EE0FFF7EBFFFFF7E5FF98
:1014C00087191320FFF789FFFFF790FFFFF7D9FF78
:1014D00028B90022E5212846FFF7FBFD01E000F0D6
:1014E00002F819B0F0BD654B69499C682A46284648
:1014F00020470B88009004A8A17D06F07ABA02224A
:1015000001900391029200225A497047F0B599B0B8
:10151000FFF730FFFFF7B0FF04F10C00FFF7EFFF1C
:10152000E07A0B88009004A8217D06F062FA10B1E1
:101530000022E82115E0FFF7ACFFFFF7A6FF8719AF
:10154000142038702146A07AFFF74BFF2089B8722B
:10155000F1B22089FFF74EFFFFF793FF28B9002271
:10156000E5212846FFF7B5FD01E0FFF7BCFF19B004
:10157000F0BDF8B50C461546464F1E463A4680214A
:1015800006F067FD3878208007F10E01F879288091
:101590003046BDE8F440F4F743BE38B5324D04465A
:1015A0002A46802106F055FD85F8640030B93A4896
:1015B0000068F5F705FE844200D1FEE705F10E0153
:1015C00005F15400F4F72CFE05F1180105F15C005B
:1015D000BDE83440F4F724BE3048704730487047C7
:1015E0002148007870472048C07970471E48407AEB
:1015F00070471D48C07870471B48407970471A48AB
:10160000807A7047184A154B92F864101A690818C6
:1016100092F88210081870471348407870471248B3
:1016200090F820007047104870470F4890F822004B
:1016300070470D4890F8230070470B4890F8380029
:101640007047094890F848007047074890F86400D0
:10165000704700004844002044440020301F00111F
:10166000A08601001C9B0100A01D001100000011BC
:10167000B50F010056450020CF0F0100849C0100EA
:101680004B100100AB100100081E0011D710010023
:10169000D31001007C1E00113C010011F41D00114B
:1016A000FC1D0011FFF76CBEFFF7A9BEFFF7F4BEEB
:1016B000FFF72CBF2DE9FC4180460C4698F800004E
:1016C000C01E112857D8DFE800F0090F1215171AAD
:1016D0001C202C2E3134565625271E294F490878B8
:1016E000002848D0062703E00827122623E0092710
:1016F000192620E00A271DE0052738261BE00C27C5
:1017000012E00B2713E0122711E000212046F5F725
:1017100044FD30E0112702E0012700E013270226F4
:1017200009E00D2703E00E27102604E00F271826F6
:1017300001E010270E26052001F0BBF905001AD0A4
:1017400044B12046F5F731FD687005F142012046AD
:10175000F5F717FD2F70002085F8C200324641468C
:10176000A81CF3F717FC00F051F820B9284601F047
:10177000B7F900F046F8BDE8F38170472DE9FC4762
:10178000824600269AF8000001280C4602D0022862
:1017900005D02EE003274FF00C08032603E00427B2
:1017A0004FF040080126042001F083F9050020D005
:1017B00005F1C20964B12046F5F7F7FC687005F140
:1017C0004201B4F88400A9F802002046F5F7D9FCDC
:1017D0002F70002089F8000042465146A81CF3F7FC
:1017E000D9FB00F013F820B9284601F079F900F090
:1017F00008F8B00703D514B12046F5F78EFCBDE814
:10180000F38707484189491C4181704705480068B2
:101810000095002300226946F6F786BDFC02001100
:10182000802D0020289B0100F0B4254C254A20780B
:10183000254B6FF0004150BB0820656803FB052570
:101840000E46B5FBF6F601FB1655401E6560F4D159
:101850001E4D2E461020676803FB07278C46B7FBFA
:10186000FCFC01FB1C77676046F8047B8C4603FB9D
:101870000727B7FBFCFC01FB1C776760401E46F89E
:10188000047BE8D1E86FC5F8800001202070606813
:1018900003FB00220846B2FBF0F001FB10210B4ACB
:1018A000616092F8803003F01F0352F82300C2F801
:1018B000800042F8231020F04040F0BC7047000048
:1018C000540E00205FF36E3C0D661900E43D0020CD
:1018D000FF2212EAD05C1DBF12EAD1539445934215
:1018E0002BE09C44D30780EA01021A4043EA00201F
:1018F00043EA0121A1FB0030C04238BF40007CF127
:101900007F010BDBFE294ADA5B0842EAC15153EA48
:10191000006373F1004C51EB10207047D1F1080CBB
:10192000DCF120012FDB5B0810FA01F10B4320FAF8
:101930000CF073F100415041704794451CBF02EA1E
:10194000D153934280EA010202F000421DD04000D0
:1019500019D0490017D05BB9634514D00902B1FA18
:1019600081F39940BCEB030CC00140F00040C1E79B
:101970000002B0FA80FC10FA0CF0B3EB0C0CC901B9
:1019800041F00041B6E71000704740000AD049001E
:1019900008D010F1807F94BF11F1807F02E042F007
:1019A000FF407047D043704790EA010F46F15883DB
:1019B00081F00041431A4FF000423EBF5340C01A2D
:1019C000C91800BFD3095FEAD05C13EB400F34BFE6
:1019D000B3EB410F40E07CEBD1530CD342EA012141
:1019E00022D8D1EB402009D3400A28BF5FEA50013A
:1019F00040EBCC507047401A15D04002B0FA80F24C
:101A0000521C9040400A4FEA3C23B3EB026384BF70
:101A100000EB730007E040F400001A16DB07C2F188
:101A20000102D04018437047182BFCDC31FA03F256
:101A300002FA03F3591A38BF42F00102D2EB4020F8
:101A40003CBF4000ACF1010C5FEACC5CC20572F116
:101A500000414CEB5020704713EB400F0FD2C942AE
:101A600009D0ACEBD153022B03DB4902172BDDDD90
:101A700070479143401AC042D5D10020704713EB04
:101A8000410FD0D36FF000007047000000280AD04B
:101A9000B0FA80F18840D1F19D01C905020672F1CA
:101AA000004241EB1020704700180CD2010E7F3924
:101AB00009D4D1F11F015DBFC00140F00040C84012
:101AC0006FF000007047002070470000DFF8E0175B
:101AD00091F82C000A8888854FF2FF0002400A80A6
:101AE000704710B5DFF8CC472046F6F79DFC04F1AF
:101AF0000C00BDE810400DF097BC10B5044600F096
:101B00005FFE01E000F05FFE00281CBF016AA142F9
:101B1000F8D110BD00B1006A704738B505000C4619
:101B20001CBFA869A04208D010B1006A06F050FCA2
:101B300014B1206A06F047FCAC6131BD802807DB98
:101B4000802905DA01F58071081A102805DD0BE0FF
:101B5000814204DA401A102806DB002070478842D0
:101B6000FBDA081A7128F8DB0120704770B50546CA
:101B70000E4600F025FE0BE06068854205D1208905
:101B8000B04224BF204600F06BFA204600F01BFE56
:101B90000400F1D170BD4FF6FF7291420FD0026A7E
:101BA00002F15C031A8842B1008A5B88121891FB2B
:101BB000F3F192FBF3F0884201DB01207047002033
:101BC000704738B50D4604461021F5F717FB2A7DFE
:101BD000D21D901002EB5072D21029462046F3F726
:101BE000D9F92046BDE83440DFF8F01B01F000BF12
:101BF000F8B5050084B00C461ED09CB1A68AAF8A09
:101C000007F0FF0006F0FF0188420BD13206D20E2A
:101C100021462846F6F7B2FD002804BF3F0AB7EB7D
:101C2000162F17D029466846FFF7CBFF684601F00C
:101C30001AFE08B101F0F4FD64B121466846FFF7D1
:101C4000C0FF684601F00FFE20B90122002168465E
:101C500001F0B5FD05B0F0BDF8B5044686B0208FA3
:101C600015460646812D0F4628BF002025D20006C6
:101C700005D0182204F124016846F3F79BF904F11A
:101C800024000021002200238C4680E80E10EA1D6B
:101C9000D2083946F3F77EF905F0FF0545F4804593
:101CA0003006258704F1240103D10020FFF7A0FFAF
:101CB00002E06846FFF79CFF012007B0F0BD38B591
:101CC00000F14C050C46286818B106F0A5FB002071
:101CD00028604CB16889A98A000A4143204606F071
:101CE0008BFB286020B932BD286808B106F094FB50
:101CF000012032BD70B5DFF8E84A04F14C06054614
:101D0000B088000A21D1B8212046F3F797F9B088AE
:101D100065F30700B08000203060DFF8C85A3079E2
:101D200040F48070B080FF20287004F1680005F056
:101D30009BF804F1800005F097F804F1980005F095
:101D400093F800202870204670BD002070BD38B583
:101D5000054600F0E5F9040004D12846FFF7CAFF64
:101D6000040018D0A08CC0F3032088B93C2104F1F2
:101D70001000F3F763F9A18C2463012060F30B21B9
:101D80004FF6FF70A0852084A18404F1100032BDBD
:101D9000204600F002F8002032BD70B5044604F180
:101DA00024052888C0F3032018B104F1100000F0C6
:101DB00021F800212046FFF782FFDFF8286AFF2084
:101DC000307004F1680005F093F804F1800005F02C
:101DD0008FF804F1980005F08BF800203070DFF8E0
:101DE000080A0168A14204BF0021016095F82C0097
:101DF000A88570BD10B50446A18A080B12D0C1F3A6
:101E00000B01A182204604F0CEFE208F000A41067D
:101E100004D5002104F12400FFF7EAFE002120464A
:101E2000FFF7A4FEA18A4FF2FF000140A18210BD7E
:101E30002DE9F04107460E46104606F0E3F900246E
:101E400005001DD0DFF86C844046F6F7FBFA04006D
:101E500016D06760708AA189208101F47F41308BA0
:101E6000256241EA1020A08131464FF42070608144
:101E7000204600F095FC214608F10C000DF0E1FA37
:101E80002046BDE8F08180B506F0BCF9BDE802400F
:101E900033E610B500F006F810B14168A14200D059
:101EA000002010BD04460846EDE780B5FFF7FBFFB4
:101EB00000B1406802BD10B5FFF7F4FF00281CBF59
:101EC0004168002902D0096AA14200D0002010BD5B
:101ED0002DE9F041064606F150078846F568F98974
:101EE000A88BAC69884221D0D8F8040000F096F89D
:101EF00048B1D8F80410A94218D0B268D36828466F
:101F00009847054612E0D8F80400A8420ED1B08CDC
:101F1000C0F3032000281CBFB06A00281EBF008940
:101F20004FF6FF7188424ED006F11005002D4AD0C1
:101F3000F068A8421DD004F036FE288F000A410642
:101F400003D5F06805F1240105E0F068018F090A66
:101F50004A0603D500212430FFF74AFEA98A012052
:101F600060F30F31A982F068818AC1F30B0181828D
:101F7000F5603046B1684A699047B268A86913694C
:101F800000219847A88314B1298A884208D2288260
:101F9000A869A0423FD0002814BF016A002114E0C4
:101FA00001462846FFF7F7FD0028F1D1F06800212F
:101FB000FFF7B3FD7888000A18BF012803D000217D
:101FC000204603F051F9002026E03046FFF777FE67
:101FD00039780320FBF776FE7888000A18D0002CA9
:101FE00018BF012803D00021204603F03DF978886E
:101FF00000F0FF01802905DB7988401C60F30701B0
:10200000798002E000F0B6FB7880304600F033FDC6
:10201000304600F091FC2846BDE8F081F8B5064650
:1020200000F0CEFB002405464FF6FF778DB12889DE
:10203000B84209D03CB1326A93689A682946204672
:102040009047044600E02C46284600F0BCFB0546BD
:10205000ECE71CB121463046FFF75FFD2046F2BD9C
:1020600038B5044600F011F8924D214605F10C00F8
:102070000DF006FA21462846F6F7F8F924B1206A51
:10208000BDE8324006F0A4B931BD38B504466568F4
:10209000A869844218BF002812D100F012F800F09D
:1020A00035F80DD0286AC06C20B106F0B5F9296A60
:1020B0000020C8642046BDE83440002103F0D4B8B5
:1020C00031BD0021284628E57CB505461446A8699F
:1020D00084420E460ED1FFF7F4FF00F017F81EBF42
:1020E000286AC06C00280FD006F096F9296A0020F3
:1020F000C86409E0A88A000B06D0002C14BF206A2F
:102100000020294604F05EFD666073BD4FF6FF7047
:10211000A883A88A000B7047DFF8CC0600687047D8
:102120000246DFF8BC06B0F85030190A03D003F0BD
:10213000FF03934200D0002070470146DFF8AC0651
:10214000028B8A4218BF002070472DE9FC470E46DB
:102150008146307EFFF7FBFD04001DD0256A4A460C
:102160003146FFF765FE5FEA000805F1500711D020
:10217000B8F80C10308B01F47F4141EA1021A8F827
:102180000C10308AFFF7D9FF5FEA000A05D14046FC
:10219000FFF766FF3878388087E0B6F85010090AF4
:1021A000480604D506F13C010020FFF721FDA18A75
:1021B000012060F30F31A182F08A60F30701A18250
:1021C000A07CB18A40EA0120608200F47F40F18A5D
:1021D00040EA11206082C5F808A0B18AB87801F4FD
:1021E0007F4108437880EC6000F47F4040F0F000CD
:1021F0007880F020A5F8B400DFF8F405B9883866D7
:10220000B87A7881308CB881708CF881708B60F3EB
:102210000701B980718B387901F47F410843B88098
:1022200000EB1020398960F307013981B08BF98800
:1022300060F30701F980B18BB87901F47F4108435D
:10224000F880F08B388296E80F0084E80F0018229F
:1022500006F13C0104F12400F2F7ACFE41462046B1
:10226000FFF75BFCA9684A6928469047AA6813698A
:10227000002140469847A0832082DFF86C1508684B
:1022800000B90D60284600F057FB49462846FFF785
:1022900016FD7888000A1CBF284600F0ECFB397850
:1022A000BDE8FC470120FBF70DBDBDE8F38700004A
:1022B000F81A0011D00200112DE9F0410F46044632
:1022C000387EFFF744FD05004DD02E6A214630468A
:1022D000FFF7EBFD5FEA000807D1224639462846A2
:1022E000FFF7A6FD04000AD138E02146FFF7D1FD33
:1022F000040004D0224629464046FFF7E5FE388A0E
:10230000FFF71BFFB168884225D106F15200018812
:10231000BA8A090AB1EB122F02BF41893A8C914265
:1023200002BF81897A8C914215D141887A8B00F065
:102330004FF804BF090AB1EB122F0CD18188BA8B78
:1023400000F046F804BF090AB1EB122F02BFC089A2
:10235000F98B884208D02046FFF782FEA98A4FF207
:10236000FF000140A98231E0A98A012060F30B211E
:10237000A982A87CB98AAA8A40EA0120688200F46E
:102380007F40F98A61F30702AA82F98A40EA1120A4
:10239000688297E80F0085E80F00182207F13C01DA
:1023A00005F12400F2F706FE2146FFF78BFEB26826
:1023B0001369002120469847A88328822146304689
:1023C00000F08BF8A089398B00F0C7F9BDE8F081E7
:1023D00001F0FF0302F0FF0843457047F8B50446DB
:1023E0000D46174600212846FFF7C0FB698AF88A88
:1023F00001F47F4141EA1020296A688228468A68F0
:1024000013689847286A4FF6FF762E82B0F852106C
:1024100001F47F424B1C01F0FF018029ACBF03F0A7
:10242000FF0303F07F031A43A0F8522039462246E7
:102430002846FFF7FDFC040001D1AE83F1BD2A6AF6
:1024400093681A6900219047A88328822146286A48
:10245000BDE8F44041E038B5050020D0A88CC0F3B9
:10246000032090B14FF6FF70A88500F0A9F90AE0AB
:10247000616805F11000884204BF2046FFF705FEA1
:10248000204600F0A0F90400F2D1284600F054FAEA
:1024900095F85010BDE834400220FBF713BC31BD65
:1024A00010B500F08DF915E0606800281CBF016AC6
:1024B00000290CD0A3891A0A1CBF8169002906D003
:1024C00003F0FF03A3812146006A00F006F82046CE
:1024D00000F079F90400E7D110BDF8B504460D46C7
:1024E000E068866929896868FFF755FB012768B9A4
:1024F00028894FF6FF718842284602D1FFF7B0FDC8
:1025000001E0FFF7C2FDB54208D100272946204669
:10251000FFF7DEFC20B92046FFF79DFF0020F2BD4B
:102520008069B04218BF02273846F2BD2DE9F84F46
:102530000E468146B08A000A022840F00C81307EA7
:10254000FFF7EEFD04001EBFA08CC0F3032000289F
:1025500009D01022314604F11000F6F70FF910B936
:1025600004F1100500E00025307EFFF7D9FD80461C
:10257000002D08F1520740D0B8F1000F40D0F08A8A
:10258000A97C000AFFF7DAFA48B3A88BB989884218
:1025900016D1688AF18A00F47F4040EA1120411C7C
:1025A00000F0FF02802A688203DB688A61F307007B
:1025B00004E000F47F4001F07F010843688217E0E7
:1025C000B6F85020100604D0100A410601D500F0DC
:1025D000CAF8324629464846BDE8F84FFEE6F18A79
:1025E000A87C090AFFF7AAFA78B1A88A000B0CD0D8
:1025F0004046BDE8F24F00F09FB9B8F1000F04D19A
:1026000031464846BDE8F44F9FE5D8F80C10B8892C
:102610008A8B824201D1A94224D125B9314648464C
:10262000BDE8F44F48E6718A81421BD34FF6FF7B29
:10263000594505D1A88A000B1CBF404600F07CF923
:10264000B6F85020100604D0100A410601D500F05B
:102650008AF8A88BB989884205D1708A58457AD002
:1026600000F08FF877E049462846FFF712FC040097
:1026700026D149464046FFF718FC5FEA000A14D10C
:10268000708A584567D0A98B884264D2484605F0C5
:1026900004FF10B1008C000A5DD04A46314628463E
:1026A000FFF7C6FB040016D155E04946FFF7F1FBE2
:1026B000040010D0224629465046FFF705FD0AE0E7
:1026C000708A2189814205D1A88A000B03D000F0CD
:1026D00058F800E0208121464046FFF7FEFE80B218
:1026E000002838D0022804BF404600F0C4F9A88A68
:1026F000000B2CD0A869844229D1D8F80C0081693C
:102700008C421DD1308B217B000AFFF717FAB8B13C
:102710003888010A012903D100F0FF02802A02E073
:1027200000F0FF01802905DB3988401C60F30701B8
:10273000398002E000F01EF83880404600F09BF936
:10274000B888F989000A4143484605F055FEA0893A
:10275000318B00F002F8BDE8F18F00F47F4040EAD1
:102760001120A081704702F0FF0206F13C012846CB
:10277000FFF772BA00F47F41401C00F07F0008436D
:102780007047388900F47F41401C00F0FF00084387
:102790003881704700281CBF006A05F014BE7047DE
:1027A000B1F85020120A12F02002C28100D1704705
:1027B00030B53C3191E83C00103080E83C0030BD41
:1027C0000C480CF034BE0CF075BE80B50448FFF721
:1027D000E4FABDE8014000F0A5B80000484500203B
:1027E000D41A001190430020C81F0011600D002072
:1027F000801A0600DC02001180B504F09FF9BDE8E4
:102800000140FFF74DBE80B5A34801780A075CBFC1
:10281000001D04F053FBBDE8044000210620FBF737
:10282000DABB70B5044604F15805012029888840B8
:102830004FF47A72B0FBF2F698484643EE60F5F733
:10284000CFFD760870434FF6FF71B0FBF1F08619AB
:10285000E8680FF22D02801BE8602346287840F4D8
:10286000807028803146688800F47F40688004F1D9
:102870006800BDE8704004F001BB002102F0E0BA3E
:1028800070B5854E864D7188044629B9012000F047
:10289000FCFFD8B1012171803078C10734D404F134
:1028A0005406B188080A1BD0316923462A4604F130
:1028B000680004F0E3FAB079B178884203DA21467F
:1028C0000520FBF788FB3079B08070BD3178C807F0
:1028D0001AD423462A4604F16800BDE87040A1E0FE
:1028E0003088030A00F0FF0001F0FF02C0188242A6
:1028F00006DA01F47F40491C01F0FF010143B18079
:102900002046BDE870408CE770BD10B5624C654A4A
:102910002078624940F0080020700023201D04F058
:10292000ADFA04E010B500F0AFF804F0E1FA217858
:1029300001F0F701217010BD00F154010A880B79F4
:10294000120A9A4200DB704710B5534C227842F0CD
:1029500001022270CB888A8803F47F43CB8002F483
:102960007F420B8842EA13228A80FFF75AFF2078C1
:1029700000F0FE00207010BD38B5474C03462078AB
:1029800041071BD440F0040020704FF6FF7503F19F
:1029900056004189A9421EBF0088000AFF2809D0BD
:1029A00041433E480FF225024143890803F1980054
:1029B00004F064FA217801F0FB01217031BDB0F818
:1029C0005610C0688069090A02F04EBC70B5324EDC
:1029D0007188044604F1800561B9012000F055FFBB
:1029E00040B9317888071CD423462846BDE870409A
:1029F0002D4A17E0307881075CBF284604F078FA4A
:102A000004F1980004F05CFA10B12046FFF7B4FF1F
:102A1000E168886928B12146BDE870400420FBF7D1
:102A2000DABA70BD1D4904F029BAF8B5054605F1BA
:102A300080060C46304604F043FAD8B13CB1F5F7B5
:102A4000CFFC00EB5401B0FBF4F004FB1014124F68
:102A5000154A387840F0020038702B46214630463F
:102A600004F00CFA387800F0FD0038702846BDE814
:102A7000F24081E7F1BDD0F8B010D6E710B500F014
:102A800003F804F0F1F952E7034C217841F0080112
:102A90002170201D7047000090430020A086010097
:102AA0008128010007280100CD2901001048F5F711
:102AB000BBBC70B50546EDF7ADFD06460C48F5F715
:102AC000C1FC04463046EDF7A9FD2CB9094801893F
:102AD000491C0181002070BD84F8C350204670BDA0
:102AE00080B501460248F5F7C1FC40B202BD0000C6
:102AF00014030011802D002080B5054841688847E7
:102B000004494868804704484168BDE801400847D7
:102B1000849C0100449F0100F89E0100FBF796BCD5
:102B200080B5FFF7FBFF0249B0FBF1F002BD0000EA
:102B3000A0860100704788420DD2081AB0F1004FFC
:102B400007D394BF002101214FF0FF32101A08185B
:102B5000704740427047401AB0F1004F04D394BF11
:102B600000210121401C401A7047000000F10103C0
:102B7000810704D010F8011B89B18107FAD10268DE
:102B8000B2F10131914311F0803F04BF50F8042F9E
:102B9000F6E710F8011B11B110F8011BFBE7C01A92
:102BA000704770B50446F6F768F80025B8B10228FA
:102BB00008DB00F05AF8054600F053F8691EF6F7F6
:102BC0008FFD054600F051F828B100F04AF800F0FA
:102BD0004BF83044401E0078000940EA051070BDF3
:102BE00078B5154685B0002200282A6036D06A469E
:102BF000C9B2F6F728F8040030D0F6F73EF858B11D
:102C000000F033F828B100F02CF800F02DF8304433
:102C1000401E007800F00700296821F4605141EA65
:102C2000C021296000F021F878B100F01EF828B129
:102C300000F017F800F018F83044401E0078010743
:102C400003D5296841F4806129602046FFF7A9FF78
:102C5000296860F309012960012000E0002006B026
:102C600070BD2046F6F72CB806462046F6F705B8A4
:102C7000F8B517290746154602D04FF0FF30F2BDD0
:102C80003968CE0A06F00706321DC1F3090000FAC2
:102C900002F49C4202D36FF00100F2BDD5F800E0CF
:102CA0006889AEEB00004FF0010E001F0EFA02F231
:102CB0001B1B904207D39A42804121F48061C00FD0
:102CC00041EA802103E0984203D321F48061396016
:102CD0001FE0102802D26FF00200F2BDF6F7F8FCF8
:102CE0003968401FC00221F4605100F4605008436D
:102CF00040F480603860810AC0F30902C00A00F025
:102D00000700361A02FA06F6C6F3090646EA8126D5
:102D10003E603868C0F38021C0F30902C90041EA6F
:102D20000211C0F3C22001436846F6F7E5FC0246F3
:102D30006B4617212846F6F758FD0120F2BD00002A
:102D4000F8B50C780078DFF8782800250026622195
:102D5000F7B24F43D75D874208BF3346A74208BF4B
:102D60003546761CF7B2052FF2DBDFF85808EDB2D6
:102D70000478DBB24D434B435019D11800EB840566
:102D800001EB840268885188401AF2BD0246DFF8E0
:102D90003408037801EB830102EB8302488807E0E3
:102DA000DFF82028127800EB820001EB82024088D5
:102DB0005188401A70470246DFF80808037801EB93
:102DC000830102EB830208791179401A70470000F1
:102DD00038B5DFF8F407DFF8F45704680AE001219A
:102DE00002200CF0BCFA2846F4F794FD00210220E2
:102DF0000CF0B5FA4FF0FF3269462046F4F792FD29
:102E00009DF80000401E0428F4D8DFE800F0040517
:102E1000080B0E00EEE7E2E7F9F731F9EAE7F9F718
:102E20005EF9E7E7F9F791F9E4E7F9F7FBF9E1E78C
:102E3000F8B5DFF88C47064604F5F67550212846AC
:102E4000F2F7FCF84FF4F5712046F2F7F7F8307816
:102E5000EA78A8706223B6F80100E880DFF870070E
:102E60000178DFF87007297001896970012100EB92
:102E700001163689F7B237B1D7B25F43521C491CED
:102E8000E6550529F3DBEA70F1BDDFF8341701F5EB
:102E9000F772107801EB8003107AA3F80002107A21
:102EA00028B1137801EB8301012081F80202107A26
:102EB00070472DE9FE4FDFF8080790F8EE1114E097
:102EC000C188C568A14228BF0C4605F0CCFC28008B
:102ED000F6D10199DFF8E80600EB810202F50070F7
:102EE0000F23048083700199491C062980F22F81E9
:102EF00000208DF802000024002209E0D0B26223F5
:102F0000584308EB0003588808B1641CE4B2521C13
:102F1000DFF8AC0600EB810800F5F770D3B2457816
:102F2000AB42EBD3002C0191DDD0DFF89806DFF83F
:102F30009056DFF8A436017062220521284605F07C
:102F40000DFF01990620414305EB010A0020AAF874
:102F50001A004FF0000BB8F80200AAF81C0000207D
:102F60008AF81E0098F804008AF81F00B8F80200DA
:102F7000ADF8000000F035F9054600202880BDF8C6
:102F800000006880BDF80000A88098F80400E88080
:102F9000002000F025F90746FD60601E834548DAF1
:102FA000FA68284605E0C188D388994238BF0246AE
:102FB000C0680028F7D1012500E06D1CA54280F211
:102FC000C98000F005F904BF988B0028F5D108EB03
:102FD0000C06918870888142EFD315460BF1010BE6
:102FE000288858832988708841189983E8889877B9
:102FF000E98830794118D9777088A988884213D236
:1030000000F0EFF82A88718800F0C4F8718800F0A9
:10301000C7F871888A186A807188EA88A98031792E
:10302000E8608A18EA8097E0E98830794118E980F9
:1030300092E0F8689DF8025008E0EAB2C188C668DC
:103040008A4238BF0D4605F00EFC30460028F4D108
:1030500008F50070BDF8001085700180EDB2102DEC
:10306000FFF641AF0020ADF800000022622141438D
:103070005144401C04284A838A838A77CA77F5DD45
:10308000DFF85835DFF838056222052105F066FEC5
:1030900000F0A7F80546002028804FF000090F2017
:1030A0006880A8800020E88000F09AF80646F56065
:1030B000A14547DAF268284605E0C188D3889942DD
:1030C00038BF0246C0680028F7D1002500E06D1C1B
:1030D000A5424CDA00F07CF804BF988B0028F6D1AA
:1030E00008EB0C07918838798142F0D3154609F135
:1030F0000109E8885883E9887888411899832888E5
:103100009877298838794118D9773879A9888842F9
:1031100013D200F066F82A88397900F03BF8397943
:1031200000F03EF839798A186A803979EA88A980EE
:103130007988E8608A18EA801BE0E9887888411875
:10314000E98016E0F068BDF800400028C0E60020E5
:10315000BDE8FE8F00F02DF8F86800283FF41DAFA1
:1031600000F011F809B100F03FF8C068F5E700F091
:1031700020F8F06800289BD000F005F809B100F0B5
:1031800033F8C068F6E7818811B9C16881600846E4
:10319000C16870478A18028069884180AA88704790
:1031A000521A8280E988C1808560E968C1602A88F6
:1031B0007047916850888B8848809088C3188B80AE
:1031C000D068C860D06808B1916881609568704720
:1031D000622000FB05FC0AEB0C03598B00297047A9
:1031E000E860102005F028BBC288CB889A4209D13C
:1031F00082888B889A1882804A884280C968C16018
:1032000001B1886070472DE9F841DFF8B41301F58A
:10321000F7700023047890F80180621CD2B203E0BA
:103220000020BDE8F2815B1C4345F9DA62275F4369
:1032300001EB84003844C0880028F4D016460F44BF
:10324000062EF0DA07EB860568880028EBD006200A
:1032500070430D1805F5067C3844BCF800E0458B3A
:103260007544C587761C858B7544A0F8405000F1E5
:10327000420E9CF804C0857F65448EF80050C07FE4
:1032800060448EF80100DBE72DE9F84FDFF83043AA
:10329000DFF83013DFF8483304F2F71590B0A8795F
:1032A000087001220521284605F058FD29780020E4
:1032B000622606FB00F2A35C8B420AD0401C052864
:1032C000F7DB684600F0ADF80021E9460DF1020891
:1032D00009E0A979A01800EB8100B0F802A090F8ED
:1032E00004B0EEE7491C814269DA09EB81025378A8
:1032F0001778DB1B1FFA8AF7BB42F3DBD37818F889
:103300002170DB1B5FFA8BF7BB42EBDB2B780020D5
:1033100006FB00F714F807C0634508D0401C0528D9
:10332000F6DB00F074F86879411E697161E0AE79EE
:1033300012780620E319464300F05FF8F1E715F82C
:103340000C30984252D0521C5FFA82FC8C45F6DB5E
:1033500068546879401C6871684600F062F8002182
:1033600000E0491C814241DA09EB8102537892F86E
:1033700000C0A3EB0C031FFA8AFC6345F1DBD37892
:1033800018F821C0A3EB0C035FFA8BFC6345E8DB64
:103390002878002328B106FB03F714F807E07045EE
:1033A00005D05B1C052BF5DB00F031F8BBE7AE79EF
:1033B00012780620E319464300F01FF8F4E7A879D5
:1033C0008049884B087062220521204605F0C6FC22
:1033D000002706FB07F1AA79601800EB82035888E2
:1033E00020B1605C95F905100022ADE77F1C052F28
:1033F000EFDB012011B0BDE8F08F981942835244F1
:10340000828318F8211081775944C17770470020D2
:10341000211801F2F711401C4A780A700328F7DDE1
:1034200070472DE9F04F664B03F5FE78814691B069
:1034300098F8010000900026B24602AA009803EB1B
:103440008001622000FB0AF7C8194088002808D0D4
:10345000D85D98F90050B64607E01C1994F8F7417A
:10346000A04200F09C800EF1010E5FFA8EF4AC4297
:10347000F3DB009C0620444318193844847F90F8FD
:103480001FC0B0F81AE010E052F824704FF0004B63
:103490002BFA05FB4BEA070742F824706D1CB0F8C5
:1034A0001CB0EFB25F45EFD3641C644577DA754614
:1034B000F5E75B1C00998978D8B288426DD24FF04D
:1034C000000E5FFA83F827E009EB86052F78BA45EE
:1034D0000DDB6F785FFA8CF4A74208D309F102077D
:1034E00017F82670B845A4BFED788D4262DA761CD5
:1034F0008642E9DB064609EB860009F1020480F802
:1035000000A080F801C004F82680761CC170F6B2D5
:103510000EF101005FFA80FE009801888E45C8DA3E
:10352000D8B252F8201011FA0EF1F1D4CDF804807F
:103530007546009CA778AA46F4464146A7F1010BC0
:10354000744605E001F1010E594508BF7046714609
:10355000B94231DA52F821E01EFA04FEF2D5A6464D
:10356000C9B2009C248828460FE052F82BB01BFA01
:1035700000FB48BF00257F1C5FFA87FB8B45F4DB0F
:103580000DB10CF1010C401CC0B2A04202DA0125C1
:103590001F46F1E730460026AAE7F0B22AE70AF113
:1035A000010ABAF1050FFFF649AF01F500700023DB
:1035B00000907FE70646ABE7A6460146D1E700004C
:1035C000E0280020584500203C9B010080841E001C
:1035D000C4440020F44000208D2D0100B72D0100CF
:1035E000412D0100A12D01003EB504F073FD04F052
:1035F0002DFFDFF86844382104F13400F1F71EFD97
:10360000DFF85C549C212846F1F718FD1620208233
:10361000142060824FF4A0602860A88800F47F40E6
:1036200040F04000A880DFF83C04A86000F001FAF8
:10363000E86048F2FE0142F2107028610023287908
:10364000A8802180002060806060019000900022AE
:103650004021204600F060F8DFF80C14204600F00E
:10366000C7F901220021204600F0A9F800F021F856
:1036700040F2FF254FF48070E0812580204600F065
:103680003DF900F016F825804FF40070E0812046E7
:1036900000F034F904F12000FAF787FE04F120006D
:1036A00003B0BDE83040DFF8C423DFF8C413FAF7F5
:1036B00089BE002060806060A060A081704780B5F6
:1036C00004F0FAFDBDE80240DFF8A803FAF796BE61
:1036D0002DE9F843099F089D0446164600207143D2
:1036E0009846386004EB010901E03C60A4194C45A0
:1036F0000CD221880029F8D0EA084146A01CF5F731
:103700003DF80028F2D13C60BDE8F283386800281B
:1037100014BF01200220F7E72DE9FC478146DFF8BE
:103720003C7307F11C0001900C46924698460094A9
:103730004B461C22022107F13400FFF7C9FF012884
:103740001DD1F86901880B9D0A9E01F47F4141F06B
:10375000010120F8041B10224946F1F71BFCF8690F
:10376000017841EA042101804661856141886AF35C
:1037700007014180817841EA0821418000E0002072
:10378000BDE8F687F8B50446B44D05F13400E861AC
:1037900005F16C06EF693A88100605D0D20A214679
:1037A000381DF4F7EBFF40B107F11C01B142E961AC
:1037B000F0D3204600F057F800B10120F2BD7CB5EF
:1037C0000446A64D05F1140000F0ABF8164623465A
:1037D00000F057F8012821D1686900F0A6F868695F
:1037E000818A66F307018182017D41F480718182C3
:1037F00001214182FF2002216970287000F02DF81C
:1038000028730121E972607B6873A07BA873E07B59
:10381000E873284600F072F8686976BD002076BD2E
:1038200038B5040018D002218C4D697000F015F8ED
:10383000FF20287001212873E972E07B6873207CE7
:10384000A873607CE873284600F076F8A86108B198
:10385000002101800020208031BD00216980696045
:103860002981A97270471CB503467C4C04F11400F1
:1038700000F057F800F005F808B9606916BD00209F
:1038800016BD162202217C4822E738B500F02DF83B
:103890005869018859B112F1010F1CBF418A914248
:1038A00005D18178FE2904BFC578802D04D016305B
:1038B000A0425861ECD3002032BD38B500F015F8B5
:1038C0005869018859B112F1010F1CBF418A914218
:1038D00005D18178FE2904BFC578802D04D116302A
:1038E000A0425861ECD3002032BD02465B4B5C48DD
:1038F00000F11401596100F1400470473EB50446DF
:10390000564D05F1180000F00CF8234600F022F89F
:10391000012804D1A86900F008F8A8693EBD00207C
:103920003EBD8021019000917047012120F8021BCB
:1039300010222146F1F72EBB1CB50346474C04F17B
:103940001800FFF7EEFF00F005F808B9A06916BDF2
:10395000002016BD122204214848B9E62DE9F0479F
:103960008946064699F800000025FE284FF0000A17
:1039700012D199F80110802910D10120FFF785FF9D
:10398000054665BB002131807180B180F1803181B5
:103990007181B181F18129E0FF28EED02F4F3048AD
:1039A00000F11401796100F140087C69208880B140
:1039B000618A01290DD1A078FE2804BFE178802911
:1039C00007D0A11C484600F01DF8504524BF824690
:1039D000254604F1160040457861E6D3D1E730462C
:1039E000A91CBDE8F0471022F1F7D4BABDE8F08772
:1039F000002202814FF47F424281FE2282810988A7
:103A0000C181704730B5024600200023CC5CD55CF4
:103A1000A54205D108305B1C102BF7DB80B230BD0E
:103A20006C4008212206F9D4401C6400491EF9D1DB
:103A3000F4E710B5F4F7D4FC0402F4F7D1FCA4B217
:103A400004190748806804EB5001B4FBF0F200FB56
:103A5000121010BD0748FAF7EBBC0000101E001151
:103A60008C1B0011E093040048450020A086010053
:103A7000AC430020301E0011A01B0011DE1B001102
:103A800081423ABF53189842F1F784BA80189907D7
:103A900007D0521E24BF13F8011D00F8011DF6D8EF
:103AA000704781071BD1103A07D330B433E9321085
:103AB000103A20E93210F9D230BC1032121F24BF64
:103AC00053F8041D40F8041DF8D838BF121D521ECB
:103AD00024BF13F8011D00F8011DF8D87047121F0C
:103AE000F3D3C10709D153F8041D121F20F8041D98
:103AF0004FEA31414180F6D2E7E753F8041D121F27
:103B000000F8041D4FEA3121A0F801104FEA3141BD
:103B1000C170F2D2D9E700002DE9FC41DFF88064E2
:103B2000DFF880843178D8F80000A0256943441874
:103B3000DFF87414A0798A8840EA0220E080277EAA
:103B4000FF2F0FD104F1180000F0AEF83078D8F84C
:103B50000020684302F11801014408321044FFF7C5
:103B6000FDFE14E0DFF84474384600F09DF804F1DF
:103B7000080004F1180100F099F8D8F80000327834
:103B800000F118016A438818394600F08FF8DFF811
:103B90002074388800285ED000210420F9F7FEFA4E
:103BA00084B23078D8F8001005FB00F28B18DFF8EB
:103BB000EC1364B31A8D02F47F4242F03A021A8584
:103BC0003A88A24221D031F810C0ACEB0202A21810
:103BD00021F8102092B2283AB3F804C0121262F30E
:103BE000070CA3F804C031F810C01A79ACF1280E04
:103BF00042EA0E2200F052F8283A00F12C01121B82
:103C00001819121F2C30FFF73BFF3C8023E0DA88A5
:103C100002F47F4242F03A02DA8031F810403A88EA
:103C2000A21A21F8102092B2283A9C88121262F34C
:103C300007049C8031F810401A79283C42EA04229B
:103C400000F02CF800F12C012C3A03F12C00FFF7C6
:103C500017FF002139803178D8F800006943084403
:103C6000398801440A8D02F47F4242F081020A85BC
:103C70003988014491F828200A8500213A881044A7
:103C80004185F8F7FCFE3278D8F8001055433A88A1
:103C900029441144C0434885BDE8F3819A8031F836
:103CA000102038881844704704F108011022F1F7F9
:103CB00071B92DE9F8438846BA49B94F91460A6867
:103CC000A02184B03D784D4304465619684606F15C
:103CD00008011022F1F75EF96B464A46414620463C
:103CE00000F003F805B0BDE8F0832DE9F34F00F0D4
:103CF000EAF8317881B09046A0253A682088DFF84C
:103D00009C929A46694330B11144084490F82800C7
:103D10003A2808D17FE0931D585C3A2803D1283215
:103D2000505C802877DB00210420F9F737FA2080E7
:103D3000102296F800B0386805FB0BF1084400909B
:103D400000999A481831F1F725F939F81B003030FD
:103D500029F81B0040F2015180B28842A4BF4FF401
:103D6000A06029F81B0039F81B20208800992C3A04
:103D7000121A01EB4000121F3030FFF781FE32783B
:103D800039686A430A446021108800F47F4040F09B
:103D900060001080118000205080208820B1118D9B
:103DA00000F083F8118505E0D08800F47F4040F0F2
:103DB0003A00D0807C4990798B88118940EA0320B1
:103DC000D080002904BF5089002811D19189002991
:103DD00004BFD08900280BD1118A002904BF508A62
:103DE000002805D1918A002904BFD08A002812D06A
:103DF0005146BDF808A0BDF804B002F11800FFF765
:103E000055FF6A490878FF280AD1BBF1040F08BFA3
:103E1000BAF1020F04D03178002029F811003CE0FB
:103E2000327838686A4310440830FFF797FD00F095
:103E30004EF86BF307020A852188084490F8281091
:103E400041EA0A2101854046F9F791F9327839684B
:103E50006A43114422881144000C88854046F9F7D2
:103E600086F931783A6805FB01F31A442388134434
:103E7000D88539F8110093882838001260F30703B9
:103E8000938039F811101079A1F1280340EA03203A
:103E9000908000F004F800F00DF8BDE8F78F0020E6
:103EA000218811444885F8F7EABD01F47F4141F0CB
:103EB0003A01704731783A684D43511922881144CC
:103EC000C04348857047364E364F394C704731787D
:103ED000386869430844218801440A8D70472DE9F8
:103EE000F047FFF7F0FF9146884632783968A02501
:103EF0009A466A438B186022198801F47F4141F089
:103F0000600119801A8000215980D988FFF7CDFF00
:103F1000D98000F03CF8DA800AF104019A8809128D
:103F200061F307029A800AF10402197941EA022139
:103F300099801022014603F11800F1F72BF800F0E8
:103F400039F8FFF7C4FF68F3070200F01AF842EAF5
:103F500009220A850021228810444185F8F78FFD47
:103F600031783A6823884D432A441A44C043508527
:103F70000AF12C02094820F81120BDE8F04700F0B2
:103F8000A2B80A852188014491F828207047064983
:103F90008A88120242F03A0270470000440D002065
:103FA000380D00204C0D00208C1B001164440020B3
:103FB0003C0D0020317838686943084400F118014D
:103FC0000830FFF7CBBC00007CB5DFF8385304465F
:103FD0002868D8B1DFF83063DFF830033278DFF8D3
:103FE000301300EB42000BF0E7F93278DFF82413CE
:103FF00001EB4200002C0CBFDFF81C1321460BF034
:10400000DBF929682046BDE87C40084776BDDFF82B
:10401000F4120860704738B514461D46F8F783FD62
:1040200008B18561C46132BD38B501280C4629D07C
:10403000022830D004280AD005280DD0062802D046
:10404000FF280ED031BDBDE83140FEF7D5BB20467C
:10405000BDE83240FEF7B3BC2046BDE83240FEF773
:104060000CBCAE4800F108018C4204BF0830FAF7DE
:10407000C7F9AB48844225D1FAF7C2F910B3FFF76C
:104080001EFB05E0F4B1A74804600520F8F7C6FD63
:10409000BDE8314017E0F8F795FC9B4CA24D217824
:1040A00035F8110040B10120F8F7B8FD217835F856
:1040B000110008B100F007F820789C4A002125F88B
:1040C0001010118031BD2DE9F8438F4EDFF8589262
:1040D000317884B039F8110010B905B0BDE8F0832B
:1040E00040F20152904280F2A080914F3868A025A2
:1040F00069434218108B002804BF518B002911D14D
:10410000908B002804BFD18B00290BD1108C002884
:1041100004BF518C002905D1908C002804BFD18C9C
:10412000002940D002F11800FFF79DFB00287CD148
:1041300030783968684301F11802125CFF2A00F0F8
:10414000918018310844FFF71DFB30B93078396889
:1041500068430A1892792B2A37D13868327800F1EF
:1041600018016A438818FFF70DFB3968337801F1AD
:1041700018026B43D11868461022F0F70BFF6C460B
:1041800021460120F9F70AF800284ED1204604F014
:1041900039F85FEA000844D10023002200212046BC
:1041A00003F0A9FF040040D031783868694308441F
:1041B0000830FFF758FB002822461BD033783868B8
:1041C0005D4340190021083015E01831084404F01F
:1041D00064F95FEA000805D156480468002C24D031
:1041E000CED122E004F045F90400C9D1404604F0E4
:1041F000EEF91AE0002100F059FA0020FFF7E4FE82
:104200003178002029F811004FF47A724A48016988
:10421000B1FBF2F104F1180004F0ACFD01202084A0
:104220005BE7B8F82210080A06D131783F4A00202F
:1042300029F81100108050E702280DD101F0FF018C
:1042400041F44071A8F8221008F11000052104F093
:1042500091FD0020A8F82000404603F0B8FFFFF7CA
:10426000B3FEE2E70020FAE73448006810B92D49B0
:10427000086818303249244BAE220A702A491A784D
:1042800031F812102F4B1980016800291CBF0A68F1
:10429000002A02D04168AE20104770471F4840688E
:1042A000704738B50C46014619481C4D0BF084F890
:1042B0002C60FEF73FFCFAF777F805F10800FAF7F3
:1042C00074F8214A294605F10800FAF77BF804F052
:1042D000ECFEF8F7D8FBF8F790FF0120686031BDDD
:1042E00010B51A4C1A48217841F008012170FAF7EC
:1042F0009FF8217801F0F7012170BDE81040FFF729
:10430000A9BB000018450020380D00201C450020E6
:1043100048450020204500203A340000AC430020EE
:10432000301E00115C0D0020440D00203C0D0020CB
:104330004C0D0020400200118C1B0011580D002074
:104340005C4500204C450020400D030090430020B8
:10435000B44300200170821C02214170001DDFF86F
:104360003C170B7813704B7853700C21F2F746BF53
:104370002DE9F84FDFF82857DFF8286728783168EB
:10438000DFF82497A02460438A1D125A120AFF2ADC
:104390000BD1DFF818870844B8F80010084428301B
:1043A000027AFF2A5DD00088000A40F07981DFF8A8
:1043B00000777860142023E0B9684A8C100A12D183
:1043C00002F0FF0242F400724A840CE079688A1C11
:1043D00011788AF8001051788AF8011090F822209C
:1043E00042F4007242842A7831683888624311446A
:1043F000B8F8002082181144898D090A00EBC10029
:1044000038803988B8F800002A7839F812C00918BD
:1044100001F12C0363455FDA3068624302441144C2
:104420008B8D180A1DD003F0FF03012BDBD101F1A6
:104430002C0078601089002804BF5189002912D10E
:104440009089002804BFD18900290CD1108A002846
:1044500004BF518A002906D1908A002804BFD18A5E
:10446000002900F01D8102F1080003F0CBFEB860C6
:1044700060B97868811C306800F1080E28786043C4
:1044800002230022704403F036FEACE703F09FFEE7
:10449000D7F804B08246022251460BF10200F4F72D
:1044A0006DF9002888D00BF1020003F0C8FE01006E
:1044B000B8688BD0884296D003F078FE7868811C6B
:1044C000306800F1080E287860430223002270440F
:1044D00003F011FEB86086E7316862431144084476
:1044E0003030FFF7C0F90028F860BAD02A78336876
:1044F000624303F10800805A002802BF03EB020C5C
:10450000BCF80A10002917D1BCF80C00002804BF21
:10451000BCF80E1000290FD1BCF81000002804BF11
:10452000BCF81210002907D1BCF81400002804BF01
:10453000BCF81610002994D003F108001044FFF7CE
:1045400092F9002825D12978306861434218107EFD
:10455000FF2804BF517E022915D1508B002804BFCB
:10456000918B00290FD1D08B002804BF118C00291A
:1045700009D102F122010878002801BF4B78012BF4
:104580008878FF2807D002F11800FFF76CF9F96866
:10459000884240F0858029783268614302F1180032
:1045A00008440832114400F06BF9297832686143FD
:1045B00002F1080008441144B8F8002011443031D9
:1045C00000F05EF90020A8F8000060222978306829
:1045D00061430844018801F47F4141F0600101809A
:1045E0000280002141804FF42052818801F47F41F4
:1045F00081808280C18801F47F4141F03A01C1800D
:1046000041F47F41C180B8F8001001440A8D02F4E2
:104610007F4242F088020A85B8F80010014491F800
:1046200028200A851421B8F8002010442C30F2F715
:10463000E5FD2B7831686343C818B8F800100144D1
:104640008A8D02F47F4242F0E0028A851022B8F897
:104650000030F9681844891C3030F0F79BFC28784A
:10466000326860431044B8F8002010440221403002
:10467000FFF770FE2878316860430844B8F80010EE
:10468000084400224285F8F7FAF929783268B8F828
:1046900000304C4322441A44C0435085502001E06E
:1046A0002978002029F81100BDE8F18F2DE9FC4799
:1046B0008146DFF8F843DFF8E863DFF8E8730020AD
:1046C00092462080A025327838686A4302446023ED
:1046D000108800F47F4040F06000108013800020BC
:1046E0005080D08800F47F4040F03A00D08040F401
:1046F0007F40D08051BBFF20107600F0C4F802222A
:104700004A7600F0C0F800224A838A83CA830A846A
:1047100081F8222000F0B7F8012281F8232000F070
:10472000B2F881F8240000F0A6F89AF80D1080F88D
:10473000251000F0A0F89AF80E1080F8261000F06E
:104740009AF89AF80F1080F8271003E002F1180089
:1047500000F096F831783868DFF84C8369430844F4
:10476000218801440A8D02F47F4242F087020A85C3
:104770002188014491F828200A85002122880244DA
:104780009185102223880344D9852188084430303C
:104790005146F0F7FFFB3078396868430A1D091D60
:1047A000125A02F47F420A525046FFF75CF8002882
:1047B0003AD1327838686A434946104419B1083012
:1047C00000F05EF804E000F118010830FFF7C6F8C9
:1047D0003378386805FB03F142181189002904BFBA
:1047E0005089002813D19189002904BFD08900285D
:1047F0000DD1118A002904BF508A002807D1918A5F
:10480000002902BFD08A002828F8131031D010796F
:1048100040F4205090800121208810444030FFF760
:1048200099FD3078502112E03078396805FB00F2AC
:10483000114400220A814A818A81CA810A824A82FD
:104840008A82CA820A7942F4C0528A80402128F8BA
:104850001010002200F00FF8218808444285F8F774
:104860000EF9327839685543228829441144C043EF
:104870004885BDE8F3873178386869430844704754
:104880001022F0F787BB327839686A4311447047C9
:1048900083482DE9FE4F02788249DFF80C920B68BD
:1048A000A020504303448148048803EB040E0026F3
:1048B000BEF82C0000F0400800F0800100F020005D
:1048C00002900191D888000AFF2802D1BEF8280082
:1048D000000A40F0DB809EF83000FF280FD0B8F1CE
:1048E000000F02D0187EFF2809D0714D14212980B5
:1048F0006E6010E003EB000CBCF82C70380A00F07E
:10490000C58007F0FF07022F04BF0CF12C076F6072
:1049100001EBC0012980298839F81270081900F1CB
:104920002C0CBC45E6DB0EF13000FEF79CFF0028A6
:10493000E86065D15B485A4A01681378A020434378
:10494000C8185A490A88024402F1300003F05AFCA0
:10495000A86003F03CFC0090AF68002F56D06C6854
:104960002CB101460222A01CF3F708FFC6B27A8CD4
:104970000198DFF840B1110A5FFA80FA3CD1002CAF
:1049800044D0A01C03F05BFCB0B1464CA86803F017
:104990000DFC68682668811C41480478A0204443C7
:1049A0003019424C268806440223524606F1300054
:1049B00003F0A1FBA86006E06868009A811C0878F3
:1049C000107048785070B8F1000FA86890F8221065
:1049D0000ED041F4807141844FF47A720021018439
:1049E0001030DBF80C10B1FBF2F104F0C3F946E033
:1049F00041F40071418442E0029840B93EB101297E
:104A000044D102F0FF0242F400727A843EE02CB1FD
:104A1000A01C009902780A7042784A70B8F1000F21
:104A20000FD097F8220040F4807078844FF47A71A8
:104A3000DBF80C00B0FBF1F107F1100004F09AF97B
:104A400008E0002C18BF002E04D097F8220040F494
:104A500000707884A86890F8221008060FD001989A
:104A600068B910490E4C0A682178A02002F10803A9
:104A70004143581803F0DCFC08B103F0CDFCA868F2
:104A8000418C01F47F414AEA01014184002004493C
:104A90000A7829F81200BDE8F78F00004845002089
:104AA000380D00204C0D0020440D00203C0D00204E
:104AB000744400208C1B0011024650184078535C4F
:104AC000000440EA0360531811449B78C97840EA17
:104AD000032008437047130E4354491C130C4354DE
:104AE000491C06E0425C0844407840EA02207047D6
:104AF00000BF130A43540844427070472DE9F84F31
:104B00009CB05C2105A8F0F799FADFF88C09DFF872
:104B10008C790278BDF83000DFF88459DFF8848999
:104B200000F47F4040F00A00ADF830004FF4E0613F
:104B30004FF48070ADF83600ADF8341042F4506296
:104B4000DFF86409018B9DF83000ADF82E2040F4A9
:104B5000F040ADF83000ADF824100520ADF832007B
:104B6000A02639682C7801F1080206FB04F11144F3
:104B700001A81022F0F70EFA08EB4400F9F76AFAE0
:104B8000002809D001A803F03DFB48B9287808EBBC
:104B9000400100F064FB002800F0308100F05AFB77
:104BA0002878DFF808190090009ADFF8040931F836
:104BB00012100088091A2C391FFA81F939689DF8FA
:104BC0002A7056433144084400F12C06BDF82C00ED
:104BD000347800F47F400443ADF82C400221707813
:104BE00047EA0027ADF82A7000F028F9ADF8260052
:104BF00007F47F473079BDF8281000F0800001F4F9
:104C00007F410843ADF8280000F0FF003179C1F37F
:104C1000C20140EA0120ADF8280004F0FF04307919
:104C200000F007000743ADF82A701022707944EABB
:104C30000024ADF82C4006F1080105A8F0F7AAF908
:104C4000182419AF36E03019BDF82E20C07800F0D6
:104C5000EAF8ADF82E0000F0FF00127940EA0220D9
:104C6000ADF82E003019BDF83020407902F47F42B3
:104C70001043ADF8300000F0E1F8ADF834005946CB
:104C800000F0DCF8ADF8360004F10A0100F0D6F8C7
:104C9000ADF8240030199DF83010407B41EA002126
:104CA000ADF83010304604F10E01FFF71BFFADF8F0
:104CB000320054464C4580F2A480305D00280FBF7E
:104CC000012531194D78AD1C04EB050AD14552DBA5
:104CD000A11D022804F1080B06D003284AD004289D
:104CE0006ED0082870D0E4E7062D44DB3019BA886E
:104CF000807800F098F8B88000F0FF00D278520079
:104D000040EA02203319B88000F0FF021B79DB096A
:104D100040EA032000F47F401043B8803019FA883D
:104D20000079C0F3011000F07EF8F88000F0FF0079
:104D3000127902F00F0240EA0220F880301940791F
:104D40003881B8880206B4D000F0FF00072803D1EC
:104D500000F074F87881ACE702284FD130197989D6
:104D6000807900F066F8788100F0FF00C97940EAA8
:104D70000120EFE7082D41DD3019BDF84C1000F09F
:104D800057F8ADF84C0000F048F8ADF84C00211D84
:104D90003046FFF791FE12909DF84C00C11D8A101D
:104DA00001EB5272D21002F108039D4226DB8128EA
:104DB00024DA301900F108010EA8F0F7EBF878E7D3
:104DC000102D3FF440AF19E0202D17D13019BDF858
:104DD000641000F02DF8ADF8640000F01EF8ADF896
:104DE000640059463046FFF767FE189010223019CC
:104DF00000F1100114A8E0E7FDF798FB1DB0BDE835
:104E0000F08F009808EB4000F9F724F9002805A975
:104E100001A8F1D100F0F1FAF0E700F0FF00C97845
:104E200040EA0120704702F47F4210433219704774
:104E3000807801F47F41084331197047304651E6CC
:104E4000DFF85C262DE9F843884613780646DFF83C
:104E50004C060168A0204343C818DFF854160A889E
:104E600006F1500784B00244D6F80C90388802F15D
:104E70002C0402212070B9F8120060702046B9F8A5
:104E80001C20FFF735FE00202071B9F81200000A3F
:104E90001CBF8021217179882079090A40EAC1006C
:104EA000207199F8141001F00701084320717888E7
:104EB00060717888411C00F0FF02802AAFBF61F367
:104EC000070000F47F4001F07F0108437880102242
:104ED0000020A071E071494604F10800F0F75AF88B
:104EE00030781825010621D0B1684A6930469047CC
:104EF00002202076062060763088A0763088400A2E
:104F0000E0763088000AC001207771880A0A42EAF8
:104F10000112104320773078072840F08580022066
:104F200060771E21F28800F092F820250420605559
:104F30006D1C0E2060556D1C002060556D1CB888DE
:104F400060556D1CB888000A60556D1CF888605566
:104F50006D1CBA8900F07AF8AD1CFA8900F076F879
:104F6000B068028BAD1C00F071F8AD1C00206055DC
:104F70006D1CF888000A60556D1C3A8A00F066F8CE
:104F800099F83800AD1C010635D0082161556D1C1B
:104F90001E2060556D1CB9F8380060556D1CB9F8BD
:104FA0003800000A60556D1C6019611910F8010C79
:104FB00040F0200001F8010C2946D9F834202046A1
:104FC000FFF789FD2D1DD9F8342029462046FFF72B
:104FD00082FD2D1D04216019F2F710F92D1D1022FC
:104FE00009F124016019EFF7D5FF09F124016019D7
:104FF000FCF7E7FD1035B8F1000F1ED140F2FF209D
:105000000021ADF80000ADF8021001910291ADF859
:105010000C102B464FF4D051ADF80E1001229B21FD
:105020006846FEF75CFF0EE002280CD16077F0883E
:10503000A077F088000AE07777E72B4601229B21D2
:105040004046FEF74CFF05B0BDE8F08329462046F8
:105050004EE52DE9F04FDFF84804DFF840140578FD
:1050600089B00C68A0276F4304F10802D11901A888
:105070001022EFF78FFFDFF83C049DF813109DF826
:1050800012200088002601EB0223834206D141183A
:105090008DF8131010B1091A8DF81310E119DFF80B
:1050A00010040088014401F12C07DFF8001431F8E6
:1050B0001510081A2C381FFA80F83878FDF730F8E8
:1050C0000028009051D001460424B1F85600CD6864
:1050D0004FEA102A787840062CD51022391D284630
:1050E000F3F74CFB00284DD1142423E0391905288F
:1050F000497801F1020B05D0062804BF381990F851
:1051000005A016E038198078012812D1381900213D
:10511000C67805A8002200238C4680E80E10F21DF8
:10512000901002EB50723819011DD21005A8EFF74C
:1051300031FF5C44444567DA385D0028D6D14FF032
:10514000010BF6E79DF80400FF281CD1022601A8F8
:1051500003F058F860B9DFF84813DFF848030C781B
:1051600000EB440100F07BF800284AD000F072F810
:105170004846FDF70FFB01AB3A4605A9284601F06A
:105180003CFD18BB3DE001A92846FCF782FE012644
:105190005FEA0009DBD00098B9F8082000F1560159
:1051A0000889A98B91FBF0F192FBF0F0884202DBB9
:1051B000A8698145CBD14FF6FF70A9F8080099F88E
:1051C0000C0040F48070A9F80C001AE0009901F17D
:1051D000560253890AFB03F18161018C01F47F417E
:1051E0003143012E01840CD1A86950B1FCF792FC27
:1051F00038B1A869FCF78EFC434602229B21FEF7DA
:105200006EFE09B0BDE8F08F05A803F046F93746F9
:10521000BAF1000F064695D1002EF2D0308C000A6C
:1052200004BFB08CB842ECD1304603F022F900281C
:10523000E7D0304603F01DF9102201A9F3F79EFADA
:105240000028DED196F8200040F4807030843C20A5
:10525000B061C9E74FF49671103003F08BBD0123A4
:10526000002201A802F047BF38B504460D460120D0
:10527000FEF723FB10B9FEF720FB28B1811C2A465C
:105280002046BDE8384000E031BD2DE9F84F5FEA27
:1052900000091CBFD9F804A0BAF1000F934604D04E
:1052A000DAF82000002818BF002900F07F807B4A30
:1052B0007B4F13683C78DFF80082A02254431A1910
:1052C0007B4B1F881744B0F8B420531C07F12C0403
:1052D000802AACBF03F0FF0303F07F0300F1500707
:1052E000A0F8B43018263A88227000250022627097
:1052F000A2701022B0F8B400E070052020711220D6
:1053000060710120A0718020E07104F10800EFF7C6
:1053100041FE38F81500A0B10521A155761C1220D8
:10532000A055761C0220A055761C8020A055761C26
:1053300008EB051000F108011022A019EFF72AFE72
:1053400010366D1C022DE4DD0620A055761C1420BD
:10535000A055761C0020A055761CA055761CA055A3
:10536000761C04F806B0761CB9F80E00F0B11022D5
:1053700009F11001A019EFF70DFE78881036000A28
:10538000012804D1334602229B21504609E04846B9
:10539000FCF7C0FB50B14846FCF7BCFB3346022289
:1053A0009B2101B0BDE8F04FFEF799BDBDE8F18F3C
:1053B00010B53B4C394923780A683D49A020434346
:1053C000D0180A880244108D000A012804D002284F
:1053D00008BFFFF73EFE01E0FFF790FB334922785C
:1053E000002021F8120010BD80B59B2803D1FFF7E3
:1053F000DFFF012002BD002002BD2DE9F041804603
:105400000C4600272C4D05F1080000EB071630462E
:1054100002F0F8FE18B1408C000A012806D01021D5
:105420003046F1F7EBFE002025F817007F1C032F14
:10543000E9DB4FF0FF37002635F8160040B105F1E3
:1054400008031022414603EB0610F3F797F900B961
:105450003746761C032EEFDB78B210F1010F0CD12A
:105460000027012079B235F8111035F8102091424B
:1054700038BF0746401C0328F4DB7FB205F1080063
:105480001022414600EB0710EFF784FD608A25F8F3
:105490001700BDE8F08100005B4500204C0D0020A6
:1054A000380D00201C450020600D0020440D002018
:1054B0003C0D0020444500209042002070B44FF085
:1054C000004591EA030F4AF195836B40841A71EB12
:1054D000030604D26E40001BB141121973414FF410
:1054E000001C1CEB410F34BF7CEB430682E00C0D2B
:1054F000A4EB1356362E7BDC012E45EAC32341DC98
:1055000043EA525312BFD20292025B08240545EAD5
:10551000C12141EA5051D2EBC020994125D407D195
:10552000B0FA80F610FA06F162D00020203608E0CA
:10553000B1FA81F6B140C6F1200220FA02F211431D
:10554000B0404FEAF474B4EB465434F001064FEA2D
:1055500074040AD8D6F50016760D04F00044F04025
:1055600061FA06F25040F1404840C00A40EA41501A
:1055700021F0004128BF5FEA500550F1000044EBE4
:10558000D12135E0DB0A45EAC121C90AB6F120057F
:105590000EDD42EA0242120CC5F1200603FA06F6BD
:1055A000EB4042EA06056D42984161F100010DE0D1
:1055B00062FA06F5F240554063FA06FC82EA0C02F4
:1055C000F3405A406D42904161EB030111F4801F9A
:1055D00005D1641E620502D06D004041494121F4AD
:1055E0008011430875F1004350F1000041EB045174
:1055F00070BC70471CEB410F15D223F0004352EAF8
:1056000043060BD04FEA4C0CBCEB410F04D80C0DF9
:10561000661E342EB7DDEBE7801A994150EA410649
:1056200008BF0021E4E708BF1CEB430F28BF6FF061
:105630000001DDE7DFF8381309684FF47A7202FBE6
:105640000010401EB0FBF1F000B90120F2F762B982
:105650002DE9F04387B0814688460E9E0F9D144683
:105660001F461C216846EFF7E9FC8DF81080009476
:10567000019702960395694648460AF0E0F807B09C
:10568000BDE8F0833EB58DF808100DF10A05022142
:1056900001910095144641790068012302AAFFF7A1
:1056A000D7FF38B19DF80A009DF80B1041EA0021A0
:1056B000218001203EBD7FB541F4034141F08301CB
:1056C000ADF808100446BDF808100120090A8DF84D
:1056D0000C008DF80D100021BDF80800019100911B
:1056E0008DF80E00154661792068032303AAFFF7A1
:1056F000AFFFD0B100260120FFF79CFF02AA00F007
:10570000A2F890B1BDF80800010403D4761CB0B231
:105710001928F0D3B6B2192E08BF05200BD00DF111
:105720000A02002100F090F808B9042003E0BDF956
:105730000A002880002004B070BD1FB504464FF059
:105740008B40E168FCF7C4F88A490AF0BDFA4FF0D3
:105750007C51FCF729F90AF035FB80B240F6FF7165
:10576000884288BF084602128DF80A00402102F0E4
:105770000F028DF8081042F0800200208DF80920F9
:105780000190009003232179206802AAFFF760FFAF
:1057900008B9032003E00120FFF74CFF002004B00C
:1057A00010BD38B504000D4616D02421EFF746FC95
:1057B000256060202071482060716F48A0604FF024
:1057C0007E50E0606D4820616D4860616D48A06169
:1057D0006D48E0611020208431BD38B504000D46CD
:1057E00018BF002D14D0296891B1A868002100F0DD
:1057F000D1F80DD9E86800F0CDF809D95D49EAF78C
:105800006BFC05D9288C18B140F20111884201D3F4
:10581000012032BD28212046EFF710FC2046294602
:105820002422EFF7C7FB2046FFF787FF010009D1CD
:105830006A4600F008F808B9042032BD012084F857
:105840002400002032BD012120461BE72DE9F84F3E
:10585000070001D00C0001D1012054E097F824008A
:1058600008B902204FE018212046EFF7E7FB4FF080
:105870000008C146C246C3464FF6777547F6BB7669
:10588000388C1FFA8BF181423FD20DF102024FF4A6
:10589000A0413846FFF70FFF010034D16A460021CE
:1058A0003846FFF708FF01002DD1BDF90210BDF900
:1058B0000000884471188144A9423ABF3018A842B8
:1058C0004FF0010A0BF1010BDAE725683969284628
:1058D00000F060F804D37869294600F05BF801D243
:1058E000072010E0A668B8693146EAF7F5FB98BFD3
:1058F000082008D9B8682946FBF7EAFF31460AF0C4
:10590000E3F920610020BDE8F28F98FBF0F0A0825F
:105910001E4D388C99FBF0F0E082B4F91400EAF7E0
:10592000C9FB2946FBF7D4FF06462660B4F91600EA
:10593000EAF7C0FB2946FBF7CBFF0546A5603046DA
:105940002946FCF731F860602846B9680AF0BCF9CE
:10595000BAF1000FE06008D1F9690D48FCF724F8AE
:1059600001466068EAF7B8FBAFD80620CBE7000035
:1059700014A001006F120340B03D7449CDCC4C3FE0
:105980009A99993F6F12033A333353406F12033998
:10599000CDCC4CBD4FF0807C1CEB400F94BF1CEB7A
:1059A000410F05E040EA010C1CEB0C0F01D28842CC
:1059B000704718BF814270470A480B4941600C216B
:1059C000017008214170083009A1D1E90023C0E924
:1059D00000237047054902680A6042684A60002057
:1059E0007047000084440020801A06008C44002088
:1059F00020010DB81234FFFFF8B504460025DFF88A
:105A0000506C0A206843315C012906D137180822FE
:105A10002146B81CF2F7B2FE18B16D1CF1DD002072
:105A2000F2BD3846F2BD30B501460022DFF8203C19
:105A30000A2050431C5C012C02BF181845788D4287
:105A400002D0521CF4DD002030BD70B5DFF8044CEC
:105A50000B8925690BBB4E89B6F57F4F04BF8B8937
:105A6000FE2B05D1CE891288964208BF03211DD096
:105A70008A7A002A04BFCB7AFF2B0ED10E7BFE2E32
:105A800004BF4A7B002A08D111F80E2F2A704A78E9
:105A90006A70A91C2161022108E051F8082F2A60D0
:105AA0004A686A6005F108012161012101FA00F0EC
:105AB000C0B270BD2DE9F04114090F2C02F00F05A2
:105AC00008BF10240F2D06461F4608BF102514B12D
:105AD0002246EFF75FFA2819102805DAC4F1100101
:105AE000491B3019F1F78AFBBDB1DFF8687BD7F8A5
:105AF000108006F110006B422A4641461844EFF729
:105B000049FA022D05D10B2C03DAFF20F072FE209A
:105B1000307308EB0500386106E02CB13946304699
:105B2000BDE8F041FDF764BFBDE8F0812DE9F84F15
:105B3000DFF8246BDFF8247B3178DFF8184B22780C
:105B40008246A0253868694308444FF00009C07DAB
:105B5000E0704FF06008A068811C801C216100F893
:105B600002903868327800F118016A438818FFF70C
:105B700043FF40B93868327800F108016A43881859
:105B8000FFF73AFF20B12069411C4FF080092161E5
:105B90003078D7F800C068433CF800100A0A1309AF
:105BA00043EA011E4FEA0E639B0E43EA8E13C1F3D4
:105BB000032EBEF1000F02BF0CF1020C3CF80000F6
:105BC00000280ED14FF20F024FF07008114208BFAB
:105BD0004FF0780830D02069401C206100F8013D6A
:105BE0002AE04FF20F0C206911EA0C0F13D103F0D9
:105BF000C00302F00F021A430270396833788A1C1E
:105C00006B43D118421C0B7813704FF068084B7827
:105C10005370C01C0FE00170327839686A43895AAA
:105C2000090A417000F0DAF9090A817000F0D6F92A
:105C3000C17000F8043B206100F0E3F900F0FF01BF
:105C4000112908BF48F004085FEA487101D400F048
:105C5000BFF900F0D6F9000A012804D0402805D089
:105C6000FF2806D008E048F0010807E048F00208E5
:105C700004E048F0030801E000F0AAF900F0C7F9D9
:105C800042181189002904BF5089002813D1918935
:105C9000002904BFD08900280DD1118A002904BF32
:105CA000508A002807D1918A002902BFD08A002893
:105CB00049F040094BD002F10800FFF79DFEE0607B
:105CC000DFF8402DB0B1A3682178407803F1020CD1
:105CD0009B1C1CF801C04CEA0010585439683378FA
:105CE00001F108006B43C1180420FFF7AEFE40F03D
:105CF000C0092CE030783B6803F1080C684303F1DD
:105D000008011CF800C0BCF1FE0F02BF03EB000C41
:105D10009CF80930802B014410D1BCF81A000028EF
:105D200004BFBCF81C30002B08D1BCF81E0028B9F9
:105D30000420FFF78AFE40EA090908E0D4F810B011
:105D400010225846EFF726F90BF11000206100F001
:105D50005EF94318187EFF2870D193F819C0BCF182
:105D6000020F04BF588B002849F008091CD1998BF9
:105D7000002904BFD88B002816D1198C002902BF36
:105D800003F12202108800280ED15188002904BF97
:105D90001079002808D121695079491C216149F006
:105DA000030901F8010D8CE0588BD4F810A00028ED
:105DB00004BF998B00291ED1DA8B002A04BF198CED
:105DC000002918D103F122010A88002A04BF89782A
:105DD000002910D18AF800C0032200F018F9084405
:105DE00000F125010AF10100EFF7D4F849F00209AA
:105DF0000AF1040064E0002804BF998B002919D13E
:105E0000D88B002804BF198C002913D193F82200E5
:105E100080B98AF800C0052200F0F9F8084400F1C2
:105E200023010AF10100EFF7B5F849F001090AF181
:105E3000060045E0102203F118013CE003F11800D0
:105E4000FFF7DAFDE060B0B1A26821784078931CDA
:105E50005B5C0343901C524643543868337800F12E
:105E600018016B4319440020FFF7EFFD40EA0900D9
:105E700040F0040925E030783A6802F118036843DD
:105E800002F118011B5CFE2B02BF13185A7E802AF8
:105E900001440DD1588B002804BF9A8B002A07D1EA
:105EA000D88B28B95246FFF7D0FD40EA090908E02F
:105EB000D4F810A010225046EFF76CF80AF1100049
:105EC00020613078396868430B1828229B79112BA0
:105ED00071D101F128034FF6F07E33F800A022695A
:105EE0004FEA0A2343EA1A2A4FF2B00C0EEA0A0AD2
:105EF000E2451DD101F12A0A3AF800A04FEA1A2B17
:105F00004BEA0A2B0EEA0B0EE64511D1F320107076
:105F100039683078684301F128032A311B5A085A3E
:105F20001B0A000A00EB031050305070901C35E043
:105F30002A31085A0006000CB0F5704F12D1F12139
:105F400011703868337800F128016B43C818511C70
:105F500003780B7043784B7000F04DF8C95A090A6A
:105F6000D17011E09BB2B3F5704F0FD1F22000F069
:105F70003BF8C95A090A517000F03DF8C818911C45
:105F800003780B7043784B70101D07E0F02000F091
:105F90002BF8C818511C03680B60501D2061327823
:105FA00039685543294411F82E2F02704A784270FF
:105FB000801C206130222078A168A27001F8008046
:105FC0004A1C02F800902069411A2170BDE8F18F47
:105FD0002169491C216101F8010D70473A68911C43
:105FE00032786A43895A704710703378386800F104
:105FF00028016B4370473868337800F12A016B43FE
:10600000704738683278811D6A43885A7047317802
:106010003868694370472DE9F84FDFF83866DFF8D4
:10602000189AB26831788046901C541C084430613C
:10603000675C535C3C0644BF401C30613079D6F845
:1060400010C0B025684309EB00045FEAC36E03F09B
:10605000080059D4B4F810E000283BD19CF80100A6
:106060000EF0FF0E4EEA002020829CF803009CF800
:1060700002C000EB0C2C4FEA0C4C4FEA1C6C4CEAB3
:10608000002060823069001D3061001F00784FEAF7
:10609000900EADF800E0B4F810C0BDF800E00CF4CC
:1060A0007F4C0EF00F0E4EEA0C0C4CF0600CA4F876
:1060B00010C09DF800C0B4F810E04FEA1C1C6CF34F
:1060C0000D3EA4F810E0B4F810C060F38F3CA4F8C3
:1060D00010C03BE00EF47F4000F096F94FEA002E2E
:1060E0000EF4706EC0F381104EEA003040F0600094
:1060F00020820CF1010090F800E004F812EF4078E3
:1061000060700CF103001BE0E0B9208A00F47F4EC0
:106110009CF80000C0F3830040EA0E0000F074F920
:1061200094F810E082468008000240EA8A3000F4C9
:10613000704040EA0E002082002060820CF10100D5
:10614000306103E060202082002060823079684363
:1061500009EB000413F004008DF800000DD1306944
:10616000401C3061A0F1010CB4F816E09CF800006E
:106170000EF47F4E40EA0E00E08213F0030094F824
:1061800016C006D00FF6101E03F003031EF803001E
:1061900004E033695B1C336113F8010D0FF6E80A64
:1061A0000FF6E80B4CEA0020E0823C09780604F088
:1061B000030417D5380643BF901C405C000900203B
:1061C0002CB1FFF730FC0028F06000F0058100F0F2
:1061D000FDFB0346002C1BF804201ABFF068811C4D
:1061E000002106E000F0F2FB1AF804200FF6A401EB
:1061F0000346347909F118006C432044FFF75AFC38
:10620000390707F0030407F004001ED5002849D120
:106210000FF670000088ADF8020044B1022C06DCD5
:106220003069401C306110F8011D8DF80310002307
:106230000FF65C00025D347909F128006C430DF122
:1062400002012044FFF736FC2CE0E0B1380606D509
:10625000B0683278811C885C00F00F0000E00020FC
:10626000FFF7E1FB0028F0603ED01B20F2F710FAA8
:106270000346F0681BF80420811C307909F12804DA
:10628000684320440CE01B20F2F702FA1AF80420BD
:1062900034790FF60001034609F128006C432044CD
:1062A000FFF708FCB1789DF8000028310028B17094
:1062B00031D03269107800F0F800F0282BD1307915
:1062C000684309EB0003D88A00F47F4040F01100D6
:1062D000D882147804F0F300F02806D07CD3F2289A
:1062E00045D03BD3F3284BD076E000F083F8D01CA8
:1062F00000F07AF8501D306160070AD430693279B5
:1063000003786A434A4402F83E3F43785370801C46
:1063100030610831B1703169B068091A5FEA08006C
:1063200031703AD13079684309F1140109F114024E
:10633000095A01F47F41115209F11404F2F74FF99F
:1063400032796A4309F114018B5C3178401AB178D3
:106350000818283843EA0023A3522CE000F04AF83A
:10636000D078000240F0F0005887101DC3E7507845
:10637000000240F0F0001887901C00F035F8F4E7B8
:106380005078000900F02AF81F87507800F00F00BD
:1063900000F024F85F87901CADE73179A8F128025E
:1063A000121209F11400694302F0FF02A8F1280358
:1063B00042EA032242523079454309EB0500817DD0
:1063C000112909D1818A0B0A03EB012301F47F42D1
:1063D0009BB242EA13228287BDE8F18FA0F5756770
:1063E0003F0247F0F0077047077803F83A7F477895
:1063F0005F707047501C03F1380790F800C087F8B1
:1064000000C040787870704740F0600020829CF8AF
:106410000000704710B5044621461B20F2F729F909
:106420002046BDE81040F7F722BD2DE9F84FDFF810
:106430000C46884D0646A089401CA0810020A8700B
:106440002870F2F739F9DFF8F825DFF8F805137846
:10645000BA214B43C05A28B1DFF8EC050188491C2A
:106460000180EFE0F2F726F8F2F790F8A860042137
:106470000920F2F7F8F8002E0CBFDFF8D0153146EE
:10648000684608F099FF744FDFF8C48500F0E8F81B
:106490003F294FF0A00A03DB6846FFF747FB17E0F0
:1064A000A86841210170282229784E1C6B492E7062
:1064B0000B6839780AFB01FC03EB0C01F3B21844BA
:1064C000EEF768FD06F128002870A8782830A8703B
:1064D0003978A87838F8113095F800B0AE68814660
:1064E000A3EB0902CBF1690E964580F28A805A46E9
:1064F0003146301DFDF7C4FA00F0B2F8090A41F048
:10650000C00131700BF1040B00F0AAF87170CBF1EF
:106510006904E888010AB170F07004F0F804401CC6
:10652000E88085F800B06C7022464C483B780168E2
:106530000AFB03F3C81800EB09015FFA8BF030186F
:10654000EEF728FD5FFA8BFBA3441FFA8BF0F2F7FE
:106550001AF800F0FEFB040050D06846FFF75AFF1F
:10656000204600F040FC204600F026FC6E78A8781B
:10657000DFF8E890861905202870B6B2397838F827
:106580001120A868120A42F0E0020270397838F847
:1065900011204270602068700BE06846FFF73AFFF8
:1065A000204600F020FC204600F006FC68788619A2
:1065B000B6B200F055F88E4244DAA868F1100171C5
:1065C000397838F811206C78931BA342BCBF921B1A
:1065D0006A70D9F800306C7895F800B00AFB01F1C8
:1065E0001944224689195844EEF7D4FC5C44A0B201
:1065F000F1F7C9FF00F0ADFB0400CED1F2F768F867
:1066000007E09842054606D3F2F762F8E089401C9D
:10661000E081002019E0114804680AFB01F16018CC
:1066200000EB090106EB0B00EEF7B4FC397838F803
:106630001100451BAB441FFA8BF0F1F7A4FF68462D
:10664000FFF7E8FEF2F744F80120BDE8F28F000002
:106650008C1F00111C1F0011380D00204C0D002054
:10666000387838F8101070472DE9FE4FDFF8E44312
:10667000DFF8E453DFF8C09300200190ADF800008C
:106680008DF80200A070207001272846F2F70BF861
:106690002A78DFF8C813DFF8A453BA2042438818D9
:1066A00000F13A01A1604FF0B0080021217108FB10
:1066B00007F609F10A00805B70B109EB060009F0EA
:1066C0009EFB48B109F108010020885309F10A0135
:1066D0008853288A401C28827F1C022FE7DD002176
:1066E000012209F10A0008FB02F3C05A90B1521CC2
:1066F000022AF6DDA3681878227800F0F806C02E8A
:1067000002D0E02E36D079E0C8B228B96888401CA3
:10671000688059E11146EDE7A88A401CA882121D45
:106720001E78587840EA0620C0F30A0001909E784F
:10673000D878217140EA062301208DF802002270EA
:1067400009F108022079019908FB00F0115209F1C2
:106750000C010B524844C24909F049FB00F036F9DC
:106760002279014609F10E0008FB02F2104408F0FC
:1067700023FE43E019798DF80010521D9978DE78D8
:1067800046EA012B5E78227046EA0026C6F30A0626
:10679000012708FB07F009EB000ABAF80C1059456D
:1067A00002BF09F10801085AB04207D100F00EF902
:1067B00001460AF10E0008F002FE48B97F1C022FC4
:1067C000E7DD0196207948B9A988491CA980FBE03A
:1067D00001962771688A401C6882F3E7F1F7FFFE93
:1067E00009F10A0108FB07F7C95B019A40182178F3
:1067F000401A9042A4BF01208DF801002678052E92
:1068000009D0A168885D00F0E002602A0CD10198EF
:1068100080B2FFF700FCF1F7E2FE217888421CD23B
:106820002889401C2881CFE0412812D1761C26708F
:10683000F0B22379014409F1100008FB03F3282288
:106840001844EEF7A7FB28362670A0782830A070F1
:10685000E1E7E888401CE880B6E0F1F7C0FE217867
:10686000461A66709DF8003094F802A00AEBC30245
:10687000F0B28218A12A03D36889401C6881A3E082
:106880002779A06808FB07F7014409EB070050448B
:1068900000EBC300F2B21030EEF77CFB0198F6B2C9
:1068A000C8B19DF8021039B109F10A00C05B8244F9
:1068B00009F10A0020F807A09DF8010020B1019914
:1068C00009F10A00C1530AE009F10A00C05B361859
:1068D00009F10A0002E0564409F10800C653F6F730
:1068E0005FF8217908FB01F109F10A00405A0028FC
:1068F0001EBF09F10802525A904261D1594E544FBD
:10690000337837F8130030B157480188491C0180AB
:10691000F6F753F849E009F10800425A09F110006E
:1069200001445248D0F800E0A02043430EEB03009E
:10693000EEF730FB217909F1080008FB01F1405A1C
:10694000317827F811002888401C28801B20F1F797
:106950009FFE014632784648464D00EB420008F063
:106960002BFD00F033F80146307805EB400008F0CD
:1069700023FD3046F6F729F8F6F71FF8307805EBD7
:10698000400215F81000537803EB002189B241B1A1
:10699000394D2888814204D1C318537008B11B1A9D
:1069A000537000210220FDF73FFB207908FB00F225
:1069B00009F108010020885209F10A01885203E018
:1069C000BDE8F74FF5F7F9BFBDE8F78F1A20F1F7EB
:1069D0005FBE80B52948FDF71AFB0020B02216499A
:1069E00042431144401C002202280A814A818A81C4
:1069F000F4DD2348012101704270801CBDE8024093
:106A0000F7F756B94845002080B5FDF747FC10B1AF
:106A1000BDE8014028E601BD01F01FBC10B5002112
:106A2000174A435C5418491C0829A370F9DB01205C
:106A300010700020507010BDE4130011FC430020C2
:106A40006D1E00202C310020404500203A3400000B
:106A5000440D00201C1F0011640E00202431002072
:106A6000C0C62D00390D00204A4500204C0D0020E5
:106A7000204500201C450020444500202B640100D7
:106A80008C1F0011FF0200000F2822200088828046
:106A90000F252321FE800000000140FFDFF800F0F9
:106AA000EDB30110DFF800F0B5C2011070B5044677
:106AB00015461E46F0F7A2FB0020711E03E00A1ADD
:106AC000AA5C2254401CB042F9DB70BD01468868C4
:106AD0004968084700210160416081607047F8B54E
:106AE00004460D4616460D4F082324220021384641
:106AF000EAF7F2FE0020786138826560A660002324
:106B0000074D3A4600212846FFF7C8FF206022467D
:106B10002946BDE8F840ECF76BBA0000F81E0011FA
:106B2000CD6A01001CB5044621680091080004D01C
:106B30006846FFF7B7FF0021216013BD1FB501F0C4
:106B4000A4FC05E0816909B1491E816101F0A0FC46
:106B50000028F7D101F099FC02E0204601F098FCF2
:106B60000446FCB1A0690028F7D1684604F1080189
:106B70001022EEF70FFA204601F029FD01F085FC06
:106B8000044668480068C36830F8521F090A0129A2
:106B90001EBF998B80898142E3D0986900226946A3
:106BA000FEF773FB1FBD10B5044601E001F00FFDB9
:106BB00001F06BFC28B1C169A142F7D001F068FC7B
:106BC000F8E710BD70B505460E4602E0204601F01C
:106BD000FEFC01F05AFC04000ED001F04AFC102229
:106BE0002946F1F7CBFD002804BFE069B042EDD0A3
:106BF000204601F04DFCEEE770BD10B50446084696
:106C000011461A4689B201F070FC58B1C461216A7C
:106C100056314A890988090A4A43018C826101F484
:106C20007F41018410BD7FB50C46154648F2FE0138
:106C30000022ADF80010ADF80220019202920392FA
:106C400001466846FCF7D4FE374EB6F85000000AFD
:106C5000012823D169463046FBF72DF948B1017B65
:106C600041F480718181B1684B6813B12A46214695
:106C70009847022C12D12D482D4A01681378A02084
:106C80004343C81881792B2908D1F36833B1002216
:106C900007210120FDF729F8FDF715FA7FBD01282E
:106CA00000D0704780B52048B0F85020120A012A61
:106CB0000BD1FBF700F940B14FF6FF710181017B69
:106CC00041F4807181810021016201BD012898BFDA
:106CD000FFF7E5BF70471FB5044612490020086062
:106CE000F7F762FB204600F0BBF8FBF7C7FEFAF7A8
:106CF000EDFEFAF7F6FEFBF708FE40F2FF2000215A
:106D0000ADF80000ADF8021001910291ADF80C1041
:106D100068464FF4D051ADF80E10FCF7EFFD1FBDE3
:106D200000000000C81F0011D41A00114C0D0020F3
:106D3000380D002010B5464C04F11800F1F774FB33
:106D40002046F1F771FB04F10C00BDE81040F1F7AB
:106D50006BBB38B5F1F72EFC3D4C98B104F10C003B
:106D6000F1F770FB04000BD0F1F736FC2080F1F74F
:106D700030FC606004F10800F1F7BCFB84F83800D7
:106D8000204632BD2046F1F75DFB050012D004F12C
:106D90001800F1F757FB04002C6001D1002032BD30
:106DA000A01CF1F7B8FB208004F1EC0104F1840091
:106DB000F1F734FC284632BD38B500F043F838B15D
:106DC000216805F11800F1F751FB2146284605E03E
:106DD00000F033F830B1214605F10C00BDE8344035
:106DE000F1F744BB31BD38B500F02CF860B1246830
:106DF0002188A01CF1F76DFB04F1EC0104F1840083
:106E0000BDE83440F1F719BC00F017F8A0B1F1F774
:106E100051FB21886068F1F75CFB94F83800F1F7CA
:106E20009EFB48B1F1F7BCFB94F8382004F108014F
:106E3000BDE83840EEF7AEB831BD214605F10C0093
:106E4000F1F72BBB0446024D21462846F1F725BB3E
:106E5000740200110A69002A1CBF48691047704774
:106E600000BF144908607047002101614161FFF7CC
:106E700031BE104A13680146CC20184738B5044685
:106E80000D46E56022616361206828B92B462246E1
:106E900009492046FFF723FE2068ECF79BF820689D
:106EA0002946EAF711FD2068BDE83240EAF710BD37
:106EB0000000000008450020736E010010B50AE0D4
:106EC00080B5006828B1ECF7A0F8401E8041C00FE3
:106ED00002BD012002BD04462068ECF77BF8E168A2
:106EE0002068EAF7F1FC2068BDE81040EAF7F0BC42
:106EF00010B504001CBF2068002806D0ECF76AF823
:106F00002046BDE81040FFF70DBE10BDF0B540F2C1
:106F1000FF7581EA030C0CF0004C15EA11541DBFFB
:106F200015EA1357AC42AF42E5E0BC41C1F313018F
:106F3000C3F31303801A994143F4801304D2641EEF
:106F40004000494180185941C90241EA5051B1FB02
:106F5000F3F603FB1611A2FB0675D7EBC020A9417F
:106F600002D2761E80185941C90241EA5051B1FB44
:106F7000F3FE03FB1E11A2FB0E75D7EBC020A94147
:106F800003D2AEF1010E80185941890241EA9051B5
:106F9000760546EA8E2EB1FBF3F603FB1611A2FB33
:106FA0000675D7EB8020A94102D2761E8018594180
:106FB000C90241EA50514EEA060EB1FBF3F603FB5B
:106FC0001611A2FB0675D7EBC020A94102D2761E8E
:106FD00080185941C90241EA5051B1FBF3F703FB54
:106FE0001711A2FB0735D3EBC020A94167F10007B9
:106FF0000CBF004247F0010766F3D5274FEA1E3168
:10700000B80814F5806412DDBD0775F1004250EB3D
:107010000E5051EB045111F5801F5CBF41EA0C0189
:10702000F0BD4CF07F6141F0E0410020F0BDBD07B4
:107030006D0840EA0E5041F48011D4F10104B4F11E
:1070400020060ADAC4F120060200E04001FA06F345
:10705000E1401843B24015430EE0342C13DCC6F176
:10706000200445EA40056D0820FA06F2154321FA8E
:1070700006F0A1400D43002175F1004250F10000DF
:1070800051EB0C01F0BD00205FEA0C01F0BDCFB95F
:1070900092185B41B3FA83F704BFB2FA82F6BF19C4
:1070A0000B3FB7F120062FBF02FA06F3BB40C7F132
:1070B000200622FA06F638BF3343BA401CB1E41961
:1070C000641E33E77F4231F00041B1FA81F404BF1E
:1070D000B0FA80F6A4190B3CB4F120062FBF00FAD9
:1070E00006F1A140C4F1200620FA06F638BF31436C
:1070F000A0403C1B1AE7AC421ABF05EA1357AF4247
:1071000012E050EA41061CBF52EA4306BFE750EACC
:107110004107304661461CBF41EA0551F0BD52EAC5
:10712000430C08BFC143F0BD00204FF4001616EB1E
:10713000410F98BF16EB430F08BF16EB410F24BF5A
:10714000C14305E016EB430F0CBF61464CEA055105
:10715000F0BD00002DE9F0418846DFF81C15DFF88E
:107160001C55DFF81C75DFF81C65044601202860FB
:107170002720096849698847012038600320786022
:107180000120DFF8041508600320B860DFF8FC1464
:10719000B06880088000B060B06840F00100B06066
:1071A000012000FA08F8C6F8008000F0C5F800F0E9
:1071B00035F93869C007FAD5386910F0404F0CD15D
:1071C0000320B8600020DFF8C814086070684045EC
:1071D00003D000202860012001E000202860BDE8E5
:1071E000F0812DE9F84389468046DFF89014DFF8F6
:1071F00090440520086016460120206060601F460C
:107200000320A060206910F0030FFBD10A9848B159
:10721000DFF864542968096A2720884729680969C2
:1072200027208847DFF86814DFF8685402200860D8
:107230000898286000F0F2F828680028FAD420693D
:10724000800048BF012026D4DFF84C143868DFF8EE
:107250004C24086078684860B8688860F868C8603E
:107260000998002814BFDFF83804DFF838040861F3
:107270004E6100208861C8610120DFF810140860A9
:107280000121DFF82404C0F8008086601160C0F896
:10729000209086620020BDE8F28354E02DE9F84397
:1072A0000D460446DFF8D413DFF8D46302200860EB
:1072B000914601203060706098460320B0603069CC
:1072C00010F0030FFBD1089848B1DFF8AC733968B0
:1072D000096A272088473968096927208847DFF825
:1072E000B013DFF8B07302200860C7F8009000F018
:1072F00095F838680028FAD43069800048BF01202A
:1073000018D4DFF8A803DFF89423B8F1000F14BFF6
:107310000C210821016010214160002181600120C1
:10732000DFF8681300F008F80121116005621021F0
:1073300081620020BDE8F28308601021DFF8680355
:1073400004608160704780B500F079F801D00B20AF
:1073500002BD8003DFF8241300D550E1002008604F
:107360002720C549096849698847002002BD2DE9E1
:10737000FF4700F007F9884700F014F900F04EF8D5
:1073800038680028FAD42069800048BF012044D41E
:1073900000F0DDF80CBF317B002100F0E6F8022D93
:1073A000029A8A60039ACA6000F0CBF8C04ABE4EC7
:1073B000B64F1043086100200C9D4D6188610E9806
:1073C000C86170B1012139600D993160B06000F081
:1073D00025F820698007FAD52069002848BF0320D6
:1073E0001BD400F0EBF848B1DAF80010096A272046
:1073F0008847DAF800100969272088470120B8F18A
:10740000000F606008D03860C6F80090A34908609B
:10741000C6F82090B560B56200208FE00120E8F743
:1074200015BE80B500F00BF801D00B2002BD800323
:1074300000D5E3E000F0DDF88847002002BD9D485C
:10744000006810F0030F70477FB50D460446904961
:10745000964E00200860FFF7E1FF30684000FAD543
:10746000306A0090706A0190B06A0290F06A0390EE
:10747000002003E01DF800102954401CA042F9D35D
:1074800000F0F4F87D49086004B070BD2DE9FF47B5
:1074900000F078F8884700F085F8FFF7BFFF3868FC
:1074A0000028FAD42069800048BF012046D400F0AB
:1074B0004EF80CBF317B002100F057F8029A8A6029
:1074C000039ACA600C9A561B022D00F03AF87A4AC9
:1074D000754D6E4F104308614E61002088610E9813
:1074E000C86170B1012139600D992960A860FFF76A
:1074F00095FF20698007FAD52069002848BF03203E
:107500001CD400F05BF848B1DAF80010096A2720B3
:107510008847DAF800100969272088470120206091
:10752000B8F1000F606008D03860C5F80090AE6018
:107530005A490860C5F82090AE62002004B0BDE84A
:10754000F08703D3AA1E520840EA82507047109871
:10755000411E8DF800100021725C0DEB0103491CE7
:107560000C295A70F8D3022870478DF80D100021AD
:10757000ADF80E10401E4849009A0A60C004019AF6
:107580004A607047DFF8F0A03D4C424F0D46804600
:107590003A49032008601646DAF80010496999460E
:1075A000272070470320A060012020600320606036
:1075B0000220374908600F98386070470320A060A8
:1075C000206910F0030FFBD16FF0020160680840E2
:1075D00060601198704780B5FFF731FF01D00B2034
:1075E00002BD800300D509E000F003F888470020C1
:1075F00002BD214909684969272070471F490020B9
:107600000860032002BD2DE9FF4188462049274D2F
:10761000044600201E46171B0860FFF7FFFE28687F
:107620004000FAD5286A0090696A0191A96A02911E
:10763000E96A0391002103E01DF801207254491CFE
:10764000A142F9D300F012F800E0401CA04207D29A
:1076500008EB0702315C125C9142F6D0042002E094
:1076600006490020086004B0BDE8F08113490320FA
:107670000860002070470000B00100103445002071
:10768000804702400044024000E048420000484277
:10769000004702400C44024040450240000448427A
:1076A0002C000020280000200440024050450240E9
:1076B000CC01042018400240C80104208847024041
:1076C00070B504460D46EFF770FD06462046EFF70D
:1076D00079FD2A46314600F0BCFC04462846F9F7FD
:1076E0000EFC204670BD2DE9F04F824617468BB048
:1076F000787897F820900024002818BFB9F1000F7F
:107700008B4600F09080F9F72DFC02280DD13C7ECD
:10771000787E44EA002421466846F1F787F805A8F8
:1077200069460822EDF736FC05E0F9F70AFC014648
:1077300005A8EEF775FDD04905A8EEF78CFD0028E9
:1077400077D1DFF8388304AB424639462046EFF75D
:107750008BFF00286DD109F00300411CC9B200EB7A
:10776000910080008DF80C00387803280CBF0125AB
:1077700000255046EFF726FD044697F84800584488
:107780002D185046EFF711FD06465046EFF716FD4F
:10779000EDB28119491BC8B24019801C802848DA13
:1077A00005A807AAD0E90030C2E900300B22B86A68
:1077B00007AB9854000A521E082AFADA07F123068A
:1077C000C9B23078012806BFB2781A7383F80C90DA
:1077D00002950194009163199DF80C10D8F80000EF
:1077E00007AAEFF7FCFF20BBB86A10F1010F03D026
:1077F0000499401C48600CE03078012809D1B17828
:10780000FF2906D00499002048600499B078401CF4
:1078100008725046EFF7C9FC9DF80C10401AC1B22F
:107820005046EFF7BAFC5FFA8BF15046EFF7D1FC08
:1078300008B1002001E05FFA8BF00BB0BDE8F08FDB
:107840002DE9FC47012281460D468DF8002069464E
:107850005E20EFF7BBFB6A788AB195F8201000290B
:107860001CBF9DF80000002803D100216970DF20B3
:107870003DE04FF0BE30A862BE2085F82500032011
:10788000EFF72DFC5FEA000830D0EFF799FC824655
:107890004846EFF78AFC044651464846EFF771FC2C
:1078A000284600F0BAFB06464846EFF78BFC074631
:1078B00032463946284600F0B8FB3119812912DAE0
:1078C00022465146B819EDF765FB00214846EFF70F
:1078D0006EFCA419E1B24846EFF75FFC4046EFF7B3
:1078E0001CFC304603E04046EFF717FC0020BDE8E3
:1078F000F68730B595B004460D4654216846EDF73D
:107900009DFB02208DF80000002101208DF8011060
:10791000ADF802108DF80400F9F72DFB8DF8050085
:1079200018B9F9F72BFB8DF80A008DF80650F9F716
:1079300019FB8DF80700F9F712FB8DF80900F9F72C
:1079400008FBADF80C00F9F707FBADF816009DF841
:10795000070003280ED19DF80900032804BF002169
:107960008DF80410F9F7EDFA01460DF10E00EEF76F
:1079700057FC08E0022806D1F9F7E3FA01460DF1B9
:107980000E00EEF754FC9DF80900032806D1F9F724
:10799000D6FA014606A8EEF743FC07E0022805D117
:1079A000F9F7CDFA014606A8EEF741FC69462046F4
:1079B000FFF746FF15B030BD30B599B004460D460F
:1079C000542104A8EDF73AFB022202920092012012
:1079D0002B4A8DF810000390019500211388012295
:1079E00004A800F006F804A92046FFF729FF19B003
:1079F00030BDF8B505461E46069C0798099B2B71BD
:107A000000276F70AF706A710127032CEF70A971A6
:107A1000EC7105D1014605F10E00EEF701FC06E020
:107A2000022C20D1014605F10E00EEF700FC08986B
:107A3000144C687203280FD1134905F11800EEF7B2
:107A4000EFFBAE8120896979E88291B9287860B925
:107A50002078401C20700BE0022804D1E0882876B2
:107A6000000A6876EDE78020F2BD6078401C607007
:107A7000A8720020F2BD0000CC9F0100D81F0011A9
:107A80005645002054430020E844002038B50D46F8
:107A90000446287A10B90021617024E0012060704A
:107AA000287A84F8200004F12100697A0170E97ACB
:107AB0004170297B81700021C1700171A162687AD7
:107AC00088B1022808BF042202D00822012804D06D
:107AD000294604F12C00EDF75DFA04F12800697ADB
:107AE000AA7A00F82120002032BD0000D2B2203A4C
:107AF00022BF21FA02F0002170472032D141D0404C
:107B000048409140D14048407047000038B5044695
:107B10000D4608212846EFF771FB6079C1075CBF6D
:107B200001212970E07900F042F8A8702179607A8B
:107B3000012906D1032804BFE079032806D10020DB
:107B400008E0032804BFE079032802D102200021C5
:107B500001E0022001466870E970607A00F027F8C1
:107B6000287104F121016078C20716D5487808B160
:107B7000002004E08878002814BF052004200A783B
:107B8000012A05D007D3032A04D038BF401D02E0E4
:107B9000401C00E00930401C6871A07900281DBF1E
:107BA000C97FA97194F84800A871E87131BD00F04F
:107BB0000300012809D007D3032801D002D303E032
:107BC000082070470220704700207047014608785F
:107BD0004A7810188A781018CA7810180A7910187C
:107BE0004A79897910180818801CC0B27047F8B516
:107BF00002230372022644780378E40003F00703AB
:107C000004F0080423438478240104F0100423437F
:107C1000C478640104F0200423430479A40104F02F
:107C200040042343137084794379640003F0010313
:107C300004F002042343C479A40004F00C04234399
:107C4000047A240104F030042343447A43EA841381
:107C50005370437913B9847A947003264B78022BBE
:107C600007D184899455761C8389F4B21B0A135575
:107C7000761C002405E026B20644641CB67B5655EB
:107C80001E4691F802C0731C27B26745F5B2F2DBBD
:107C9000CC78022C07D1C68A56551E46C38AF4B248
:107CA0001B0A1355761C002405E026B20644641C0A
:107CB000367E56551E4691F804C0731C27B26745A0
:107CC000F5B2F2DB4C79002C00F128074FD000F11F
:107CD000210494F800C090F820604FEACC0C06F024
:107CE00007060CF0180C4CEA060694F801C04FEA9F
:107CF0004C1C0CF0200C4CEA060694F802C04FEA2B
:107D00008C1C0CF0400C4CEA060656551E46637857
:107D1000C3B93D68F3B2761CD554F5B23B681B0A73
:107D20005355761C3D68F3B22D0CD554761C3B6838
:107D3000F5B21B0E5355761CA3781BB12579F3B20F
:107D4000761CD5542378002B1DBF9B00DC1EE4B2AB
:107D50000024002308E005445FFA86FC95F82C50C7
:107D600002F80C50761C5B1C1DB2A542F3DB8C792B
:107D70008CB1002015460CE07B69C6F18002F1B29F
:107D8000D2B2294403EBC000EEF70DFE241A861987
:107D9000E4B2002CF0D1F0B2F2BD2DE9FE4F8346E3
:107DA00088469BF8000000F007018DF80010C0F332
:107DB0008014C0F3C0018DF801108DF80440C0F3A9
:107DC00000118DF80210C0F340118DF803109BF8DC
:107DD000015005F00109C5F34000C5F3810AC5F360
:107DE0000111AD0902298DF805908DF806008DF876
:107DF00007A08DF808108DF8095002D08249086854
:107E0000F9E016460A2269463046EDF7D3F80BF141
:107E10000207B9F1000F04BF17F8010BB07224B1CB
:107E2000BAF1030F08BF032D05D03878797800EB3D
:107E30000120B081BF1CBAF1000F34D0BAF1020F9B
:107E40000BD1062106F11000EDF7F8F817F8010B39
:107E5000B07317F8010BF0732AE0BAF1030F16D1D3
:107E6000002006F10E0200F0D1F8B089F082002D5A
:107E70003FD0022D2AD1062106F11A00EFF7BEF9F4
:107E800017F8010B307617F8010B707637E0BAF16E
:107E9000010F0DD1072106F10F00EFF7AFF917F829
:107EA000010BB07304E0082106F10E00EFF7A6F90C
:107EB000002CDAD1BAF1030F18BF032DD5D03878D2
:107EC000797800EB0120F082BF1CD0E7032D05D1AB
:107ED000002006F1180200F099F810E0012D0ED1F3
:107EE000072106F11900EFF789F917F8010B307631
:107EF00005E006F118000021C0E90011F18206F149
:107F000028049DF80100002849D0A7EB0B0020743D
:107F1000397801F0070186F8201006F12101387840
:107F2000C0F3C10008703878C0F34010487038784A
:107F3000C0F3801088700020C870487870B9FB7852
:107F40003A7978781B0443EA0263BA7843EA022359
:107F500003432360887808B17A790A71487810B1B0
:107F60004FF0000A06E08878002814BF4FF0050A99
:107F70004FF0040A087810F0030008BF00250AD06B
:107F80008000C51EEDB235B1791C2A46514406F178
:107F90002C00ECF7FFFF781CAA4400EB0A079DF8C1
:107FA000060006F14805A8B1A8EB0701594467612E
:107FB000C9B23846EEF754FD20763818E0616860A3
:107FC000207EA8EB0001C91B5944C9B23818EEF74E
:107FD000C0FC03E060612076E0616F602870A7EB71
:107FE0000B00217E0818C0B2B8EB000129726F6047
:107FF00007DA05480068EFF7E3F8834500D1FEE7AC
:108000000020BDE8FE8F00003C010011395C1154D6
:10801000401C0728FADD08377047E0B56946FFF7CE
:1080200075FD6846FFF7D2FD0EBD7CB50D460446D2
:1080300016466946FFF76AFD6846FFF7C7FD8642A8
:1080400001D2002076BD2A4669462046FFF7CFFDC3
:1080500076BD0329A8BFFFF7A0BE0020704700002F
:10806000421A3CBF801A89184FF0004CC0F3C75227
:10807000FF2A24D0C1F3C75313B3D21AD2F1190384
:1080800027DD4CEA01214CFA03F321EA0303D14036
:10809000C20D4CEA0020401834BF20EA0C004CEA24
:1080A0005000D20553EA006373EB0C0C52EB102026
:1080B000420012F1807F38BF7047C00DC005704785
:1080C000490212BF9A4200EB5120F8E7D2F11703A0
:1080D000D9D5704710B5DFF804430FF2D1012068FD
:1080E00000F03CFF04F10800F0F79EF9201DBDE808
:1080F000104007F099B92DE9F84381460C46174620
:108100009846204600F09BF80500DFF8D0621DD1AC
:108110003068214600F060FF04001DD0494610225F
:10812000ECF738FF07F0FF0747EA082767840021CC
:1081300004F1100000F01EFE002100F040F90020C4
:1081400020842146F5F76BFF204612E006F1080077
:10815000F0F778F9040001D100200AE06561201DE4
:1081600049461022ECF716FF2146301D07F069F949
:108170002846BDE8F28370B50546984E08E02146D2
:10818000301D07F07DF9214606F10800F0F76EF981
:10819000301D07F04CF9040006D06069A842EED00B
:1081A000204607F087F9F6E770BD000010B504001F
:1081B0000CD0FFF7E0FF21460120F5F730FF214604
:1081C00086480068BDE8104000F04CBF10BD014675
:1081D0008248006800F063BF38B50546804807F064
:1081E00026F902E0204607F065F9040008D01022C5
:1081F0002946201DF0F7C2FA0028F3D1606932BD8C
:10820000002032BD70B5754E0546306800F0B6FEF0
:10821000044635B9002070BD3068214600F0C4FE28
:10822000044644B1102229462046F0F7A7FA002858
:10823000F2D1204670BD2846BDE87040CCE701462B
:108240006648006800F0FBBEF9E780B5FFF7DAFF8B
:1082500010B1BDE80240BAE702BD70B5614A1378BB
:10826000044661480D4600EB43066049304607F07E
:10827000A6F8F8B92A4621463046FEF7D4FCCCB918
:108280003046FFF7DCFFA8B1418C0A0A022A18BF6A
:10829000032A03D0042A18BF012A0BD101F0FF01E1
:1082A00041F4807141844FF49671BDE87040103004
:1082B00000F060BD70BD00002DE9F041474D4C4E0F
:1082C0002868484FDFF82C8100F058FE2DE004F1BB
:1082D000180000F057FD20B3397838F8110000BBC2
:1082E000218C491C218422462146FCF7DFF900F04D
:1082F00061F82046FFF76BFFFBF766FE3978002038
:1083000028F811000DE0208C0328E0DB204600F067
:108310008FF818B1018A09B900F07EF82046FFF7FE
:1083200045FF2868214600F03FFE040040D0608CE5
:10833000000A0428F5D8DFE800F01105032A04003C
:10834000EFE7E0E704F1100000F01CFD0028E8D0A2
:1083500094F8220040F400706084E2E7208C032847
:10836000DCDA04F1180000F00DFD0028D9D03978CE
:1083700038F811000028D4D1218C491C21842246D0
:108380000021FCF793F900F015F80020B4E704F1A0
:10839000100000F0F7FC0028C3D094F8220040F44D
:1083A0008060608400210020208400F008F8B8E795
:1083B000BDE8F08130694FF47A71B0FBF1F104F15E
:1083C000180000F0D7BC01460448006800F05EBE0B
:1083D00001460248006800F05DBE0000BC020011CA
:1083E000C0020011380D0020204500203A34000062
:1083F0008C1B0011440D002010B501469D4C2046F9
:108400001022ECF7C7FD0120208264612146022082
:10841000F5F705FE606910BD10B5964C0146606920
:10842000814204D10320F5F7FAFD0021616110BDFE
:108430001CB501468F48446934B110222046F0F73C
:108440009DF908B9204616BD002016BD10B5894C0F
:1084500004F13C00EFF7E8FF04F1380006F0E4FF18
:108460000FF20D2104F11C0000F078FD0020606186
:1084700010BD002800D1704780B541687E4800F0EB
:108480000EFEBDE80240FFF7DFBE7C4806F0CFBF1E
:10849000002818BF07F00EB870472DE9F0410646D6
:1084A0000025FFF7F2FFA8460EE0A78C474508D34A
:1084B000FA0804F108013046F0F760F908B9B84647
:1084C00025462046FFF7E4FF0400EED155B1694C84
:1084D000294604F1380006F0D3FF294604F138009C
:1084E00006F0AFFF2846BDE8F0812DE9F84380464D
:1084F00015460F462846FFF7A8FE5FEA000910D18F
:1085000035E0FFF7B6FF00284CD02046FFF7B1FF5B
:1085100010222946F0F732F9002843D0204600F017
:1085200056F84046FFF7B9FF0400EAD1514EB06952
:108530000A2803D1FFF7A9FF00F049F8494606F1E0
:108540001C0000F07CFD05000BD1494606F11C0023
:1085500000F042FD05000AD06D600021296006F0A0
:1085600063FF06F13C00EFF76DFF040001D100202E
:108570002BE0214606F1380006F063FF06F12C00DF
:10858000EFF760FF28B9214606F13C00EFF76EFFD8
:10859000EDE744600146686806F053FF6560B06926
:1085A000401CB06104F1080041461022ECF7F2FCD7
:1085B00004F11800A78400210022002380E80E00A7
:1085C00021460420F5F72BFD2046BDE8F28370B567
:1085D00005001CBF6968002933D0264E294606F1E4
:1085E000380006F04DFF6968486806F020FF040077
:1085F0001CBF6068A84203D0204606F05BFFF6E788
:1086000068684068214606F03BFF6868406806F0ED
:108610000EFF28B96868416806F11C0000F022FDD1
:1086200029460520F5F7FBFC294606F13C00EFF74B
:108630001DFF214606F12C00EFF718FFB069401E20
:10864000B06170BD10B504001CBF606800280ED07A
:1086500003E04068FFF7BBFF606806F0E8FE002813
:10866000F7D12146BDE81040034800F0FBBC10BD27
:10867000E8E700002C02001148020011640200111A
:10868000DFF800F00DC30110DFF800F081C6011023
:10869000DFF800F095B70110DFF800F08DC201108F
:1086A000DFF800F03DC20110DFF800F009C301104F
:1086B000DFF800F045C00110DFF800F0D1C701106D
:1086C000DFF800F067BE0110DFF800F041C80110CC
:1086D000DFF800F089C40110DFF800F001C80110D4
:1086E000DFF800F011C80110DFF800F021C8011018
:1086F0000C381F283ED8DFE800F0103D3D3D3D3DE1
:108700003D3D3D3D3D3D3D153D3D3D1A3D3D1F241B
:108710003D3D3D293D3D3D2E3338DFF86C0101687C
:1087200008687047DFF86021106840687047DFF81C
:108730005811086880687047DFF84C110868C068F5
:108740007047DFF84411086800697047DFF8381196
:10875000086840697047DFF8301108688069704721
:10876000DFF824110868C0697047DFF81C11086839
:10877000006A70470020704700B589B0092168463B
:10878000FFF77EFF09B000BD00B581B0EAF77EFCBF
:10879000DFF8F800DFF8F8200168914218BF00F018
:1087A00039F8DFF8F000B0F5B26F03D001B05DF832
:1087B00004EB30E001B000BD00B581B0EAF79EFDEA
:1087C000012818BFEAF7A2FB0FF21D00FFF75CFFBC
:1087D000FFF75EFFFFF760FFFFF762FF01B05DF894
:1087E00004EBFFF761BF000000B581B0E9F77CF84A
:1087F000E9F782F801B05DF804EB0320FFF758BFFA
:1088000010B504460320FFF753FF2046BDE8104093
:10881000FFF752BFFEE7FEE700B581B0FFF750FF5C
:10882000DFF87400C06801B05DF804EBE7F70EBF35
:108830001A491B488861704710B58CB004466846D9
:10884000FFF742FF14B900200CB010BD08346B468E
:10885000002221460020FFF73BFF10B1006044607A
:1088600008300CB010BD48B150F8081C50F8042C6A
:1088700008388218521A0020FFF72EBF7047FFF702
:108880002FBFFFF731BF0000F001002098CA011090
:108890007047282090050000780100204401002046
:1088A00000050000F8B51446402CA0B005460E4661
:1088B0000AD23CB12878317805F8011B641E06F80D
:1088C000010BF7D121B0F0BD8027802C98BF27463F
:1088D0003A4629466846ECF75DFB3A46314628465B
:1088E000ECF758FB3A4669463046ECF753FBE41B7D
:1088F0003D443E44E8D121B0F0BD2DE9F0411C4695
:10890000402CA0B005460E4690460DD25CB12878AA
:1089100098F8001005F8011B641E317808F8011B57
:1089200006F8010BF3D11CE08027802C98BF274666
:108930003A4629466846ECF72DFB3A46414628461A
:10894000ECF728FB3A4631464046ECF723FB3A4623
:1089500069463046ECF71EFBE41B3D443E44B844F8
:10896000E2D120B0BDE8F0812DE9F84305460E467E
:108970009146A6EB0508A0B0C8445FEA090416E0DA
:108980008027802C98BF2746A9EB070031183A466C
:108990006846ECF7FFFAA8EB07022946E819FBF74F
:1089A0006FF83A4669462846ECF7F4FAE41BE7D13B
:1089B00021B0BDE8F0832DE9F04104460D46069F45
:1089C0001646984621462846B847002804D5424610
:1089D00029462046FFF766FF29463046B84700285B
:1089E00004D5424631462846FFF75CFF214628461B
:1089F000B847002805D5424629462046BDE8F04143
:108A000050E7BDE8F0812DE9F84F4F0003FB01F47A
:108A1000BF1C00EB040B03FB07F4DDF8288000917A
:108A2000061905460C4691469A4617E0CAF1000021
:108A300034184F4504D021463046C047002801D5A0
:108A40007F1E26465246314658463C46FFF72AFFCF
:108A50007F00BF1CB3460AFB07F02E18B945E5D2CC
:108A60000098A04210D2641E64080AFB04F02F187C
:108A700039465846C047002806DD52465946384612
:108A8000FFF710FFBB46EBE7BDE8F18F2DE9F54F8F
:108A9000A3B00E462E9F1D46C5E0F6080097761C33
:108AA00023986E432B4600EB46028119FFF783FFA4
:108AB000C6F1000B00972B4608EB0602414608EB77
:108AC0000B00FFF778FF4FEA460CD344CCF1000CC3
:108AD00000972B46524659460AEB0C00FFF76BFFF6
:108AE00000972B4623985A4641468019FFF763FFAB
:108AF000DDF8048000E0B04623980190404507D29D
:108B0000029808EB000641463046B8470028F2D0EC
:108B1000A14580F01D8141464846B847002808BF5E
:108B2000A944F5D014E12B464A4641463046FFF7AA
:108B3000E4FE0EE023982E9F844240F09680009839
:108B4000864256D0B145EED12A4641463046FFF71F
:108B5000A9FE7619A844A9440098864280F0FC80BA
:108B600031464046B847002807D400F3F5802A462E
:108B700031464846FFF796FEA9447619ECE72C46A5
:108B80004FF0800B802C98BFA3465A46394603A865
:108B9000ECF700FA5A4651463846ECF7FBF95A46CC
:108BA00003A95046ECF7F6F9B4EB0B045F44DA4442
:108BB000E6D1029C0198A042BCD26F42E01902901B
:108BC00041462E9A90470028F3D4B3DCB844DDF830
:108BD00008A0402D4746D2D2002DEAD02846397849
:108BE0009AF8002007F8012B401E0AF8011BF6D165
:108BF000DFE72498400800EB500024902B460198B2
:108C0000A8EB0000B0FBF5F400980097A0EB09007A
:108C1000B0FBF5F6A642249A43D323982146FFF7EA
:108C200035FFCDF88C902498002840D0212E3ED3DB
:108C3000239871086E438419694300EB0108684268
:108C4000029004EB000A2398CDF80480AAEB000000
:108C5000B0FBF5F6292E08EB0509BFF41EAF00970F
:108C60002B4623985246414640E7009968428E427F
:108C7000044410D180444445814405D12A464946E4
:108C80004046FFF70FFE67E72B464246494620461F
:108C9000FFF733FE60E72A4621463046FFF702FE23
:108CA0006BE731464846FFF7F1FE2646BBE7212E2B
:108CB00029D374080DD0DDF88C80641E00972B46F4
:108CC000324621464046FFF79EFE002CF5D1CDF8F6
:108CD0008C80239805FB06F14418C5F100088146F5
:108CE00044442A4621464846FFF7DCFD761E00979D
:108CF0002B46324600214846FFF785FE012EEFD86D
:108D000025B0BDE8F08F012EFAD92398344680466D
:108D1000064604E02A4631464046FFF725FE641E1B
:108D2000EED0761941463046B8470028F2D4B14615
:108D3000B24600E0D1466842824451463046B847C8
:108D40000028F7D44846B042E9D02A463146E4E745
:108D500000944E464446FFE62E972BE7002800D1AC
:108D600070471CB51C0004D0009313460A46FFF759
:108D70008DFE13BD10B504466160FFE7F9F7D0FE24
:108D8000206010BD10B50446F9F7CAFE2168401AEC
:108D90006168401A6FF0004290428041C00F10BDE0
:108DA000002818BF11F1010F04D0C2684068414388
:108DB000501870470020704720B1C24A116A401A0B
:108DC000C010704709E0002818BF002905D0C2680C
:108DD0004068891A91FBF0F070474FF0FF30704700
:108DE00010B504460846FFF7E7FF01462046BDE8F8
:108DF0001040D5E780B5FFF7E6FF10F1010F04D072
:108E0000B0490A6A02EBC00002BD002002BD38B5BD
:108E1000040008BFAC4CAD4806F009FB02E0284650
:108E200006F048FB05000BD0002CF8D0291D204689
:108E300006F0C5FA0028F2D02846BDE83240BBE76C
:108E40004FF0FF3032BD38B505460C46114620467E
:108E5000FFF7B9FF002C18BF10F1010F08D0295CF3
:108E600020680122824012EA010002D0012032BDB6
:108E7000002032BD7CB506460D461C4611462846EC
:108E8000FFF7A1FF002D18BF10F1010F0BD02A68CA
:108E9000315C012303FA02F2002C14BF1143914309
:108EA0003154012076BD002076BD2DE9F041854E7C
:108EB00006F11800EFF7C6FA00270025002848D170
:108EC00006F1480006F0B3FA0DE0C20748BF491C9E
:108ED0004010FAD10DB1B94202DA0F00254613D085
:108EE000204606F0E7FA04000BD0FFF765FF0146C5
:108EF00006F10C00405C0028F2D1705C00210028D3
:108F0000E7E70DB9002024E0002706F1240050F81F
:108F10002740002C1CBFA06800280CD02946204602
:108F2000FFF75EFF8046424600F015F8012802D1A7
:108F3000A168404688477F1C082FE6DB2846FFF7DC
:108F40003BFF0021315406F14800294606F098FA0B
:108F50002846BDE8F0812146304674E7594A536CF3
:108F6000082B09D203605B1C53648160016802EB2B
:108F700081025062012070470020704770B504469E
:108F8000504E06F1480006F052FA01462046FFF71F
:108F900027FF05462A46FFF7DEFF08B1284670BDC9
:108FA00029462046BDE8704070B505460C46454E42
:108FB00021462846FFF71EFF06F07CFA01462846A8
:108FC000FFF70EFF040005D022462946FFF7C4FF35
:108FD0000028EDD0204670BD2DE9F0410D00064679
:108FE00008BF394D2846FFF712FF074617F1010F5A
:108FF000DFF8D08012D1FFF758FF040008BF00202F
:109000001BD0214608F1480006F01BFA2046FFF766
:10901000D3FE07462946201D06F0CEF939463046D4
:10902000FFF7BEFE71680446EEF7E8F8012322461A
:1090300031464046FFF71EFF2046BDE8F08138B5B7
:1090400004460846FFF7E3FE01462046FFF7A8FE68
:1090500005462A4621461B48FFF7F5FE00B90025C4
:10906000284632BDF8B504460D46164E00232A4662
:1090700021463046FFF7FEFE074600232A462146DA
:1090800006F10C00FFF7F6FE3846F2BD0A4601462F
:10909000012302E00A46014600230D48EAE680B5B6
:1090A000FFF7A8FE00B1001D02BD10B5054C04F18C
:1090B0001800EFF7B9F904F1480006F0B5F90020FF
:1090C000606410BDE80A00203A340000300B002034
:1090D000F40A00202DE9F04D04460D4668004015C5
:1090E000401C84B016461F461DD025F000410022CA
:1090F00024F00000914208BF904214D0780040153F
:10910000401C10D026F0000037F0004108BF90420C
:1091100009D02946914280F28B804FF00043101B0A
:1091200063EB010184E068004015401C02D1290373
:1091300040F0728178004015401C01D1390351D1B3
:1091400027F00043002026F00002834208BF82423D
:1091500006D168004015401C44D1290342D10BE0E0
:1091600078004015401C0ED139030CD16800401521
:10917000401C37D1290335D1AFF300804FF0FF30C9
:109180006FF000414AE125F000410022002324F065
:109190000000994208BF904227D1394648000C9AF6
:1091A000400D121880BB27F0004126F000009942C4
:1091B00008BF984205D00C9A394600F059F9064686
:1091C0000F4627F00043002026F00002834208BF2C
:1091D000824205D078004015401C03D1390301D1EB
:1091E000AFF300803046394618E168004015401C56
:1091F0001CD129031AD132463B462046294604B0E9
:10920000BDE8F04D06F0D8BB002ACCDD40F2FF707F
:10921000824206DB834907F00043002643EA010748
:10922000CFE76FF31E5141EA0257CAE700200AE078
:109230007D4B9342BCBF4FF0004060EB030399426B
:109240009246104602DA07F00041E7E07749814292
:10925000BCBF4FF0004363EB01012B468342224623
:1092600005DA4FF0004BBAEB02026BEB03039942B5
:1092700009DC01DB904206D2AFF30080694907F0B8
:1092800000431943CAE06A486A4922462B4606F061
:1092900093FB694B01F0004E00224EEA0303FCF7FA
:1092A0000DF906F081FC804606F06CFC82468B4688
:1092B0004FF07840614952465B4606F07DFB02461E
:1092C0000B462046294606F08DFC04460D465C48B8
:1092D0005C4952465B4606F06FFB02460B46204651
:1092E000294606F07FFC0D4625F000410022564B32
:1092F00006F092FD044602D234463D4652E0224634
:109300002B46294606F058FB82468B464F4850496B
:1093100052465B4606F050FB4E4A4F4BFCF7CEF8E8
:1093200052465B4606F048FBCDE9020152464B48E7
:109330004B495B4606F040FB4A4A4B4BFCF7BEF8F4
:1093400052465B4606F038FB00223B4BDFF81CB16F
:10935000FCF7B4F822462B4606F02EFB04460D46D9
:10936000DDE9020122462B46FCF7A8F800225B4605
:10937000FCF7A4F8CDE900012246DDE902012B4605
:1093800006F030FC00225B46FCF798F802460B46DC
:10939000DDE90001FDF7BAFD32463B4606F00CFB65
:1093A00004460D460C9800EB080229464800400D83
:1093B00002EB000311D0002B0FDD40F2FF7083425F
:1093C00006DB184905F00043002443EA010512E0DA
:1093D0006FF31E5141EA03550DE025F000410026D0
:1093E00024F00000B14208BFB04204D0294600F08A
:1093F0003FF804460D4625F00043002024F000020B
:10940000834208BF824205D068004015401C03D14A
:10941000290301D1AFF300802046294604B0BDE8FE
:10942000F08D00000000F07F00C89CC000C89C4088
:10943000FE822B654715F73F0000E03F422EE63FD6
:10944000F2E4D5BCE7E84B3E0000903C112E57817A
:10945000A03F503F5843128C8F71BC3F4BE8A54151
:10946000B752013F0BBDF3DAE8708C3F0000F03FCC
:10947000124254D440F2FF7C1CEA11530FD06345D2
:1094800031D09B1863453CBF01EB0251704701F09E
:10949000004141EA0C510020AFF30080704750EAD0
:1094A000410320D001F0004C91EA0C011CD0B1FA2C
:1094B00081F30B3B9A420DD9D21A994051EA0C0123
:1094C000C3F1200C20FA0CFC61449840531C40F27C
:1094D000FF7CD7E7914041EA0C01C2F1200C20FA51
:1094E0000CF3194390407047B0FA80F31533202BEA
:1094F000E0D3202AEED3203A203B9A4209D9D21A4F
:1095000000FA03F141EA0C010020531C40F2FF7CF9
:10951000B8E700FA02F141EA0C010020704752421C
:1095200040F2FF7C1CEA11530DD06345DBD0B2EB57
:10953000030C3CBFA1EB025170470CF1010221EA80
:10954000035141F4801150EA410CCCD001F0004CA1
:10955000352A27DC30B481EA0C01B2F1200309DAA4
:10956000C2F12003044601FA03F5D0402843D1405C
:109570009C400CE0C3F12002450020FA03F418BF20
:1095800044F0010421FA03F091400C43002174F1EE
:10959000004550F1000051EB0C01244230BC7FF437
:1095A0007BAF70476146002076E701680A680A448D
:1095B00082604B681A44C26008310160704781685C
:1095C000C268914208D101680A680A4482604B6807
:1095D0001A44C260083101608168491C816011F839
:1095E000010D704738B504460D46A068E168884211
:1095F00013D120686168884208BF00F0CFF8216865
:10960000207C0A6800B14A44A26010464A680244BD
:10961000E260083190422160EBD0A068401CA0605D
:1096200000F8015D31BD2DE9F84189B000F1080174
:1096300000910A460168490802EBC102019200212B
:109640000291039100F108010268520801EBC20186
:1096500004910279049902F001028DF820204068FB
:10966000400801EBC001002005910690079000988A
:109670000199884203D06846FFF797FF75E0059887
:109680000AB0BDE8F0810298039988420BD1009896
:1096900001680844009902904A68104403900098B9
:1096A00000F1080100910298401C029010F8011D81
:1096B00004A8FFF797FF6D1EE5D1002C55D0684632
:1096C000BF08FFF77CFF07F00307032F064603D10F
:1096D0006846FFF774FF0746049D0698DDF81C8076
:1096E00006EB072608E0083DA5F10800761A016898
:1096F000406801EB0008404655F8081C411AB14289
:10970000F1D376428719A41C2FD0474507D155F8CD
:10971000047B55F8040B07EB00084745F7D0069883
:10972000079917F8016B884218D104980599884267
:1097300008BF00F033F8049801689DF820000691F6
:1097400008B149440691049906984A688118049A18
:1097500002F10803884207910493E6D00698401C62
:109760000690641E00F8016DCFD1029803998842DB
:109770003FF47DAF6846FFF722FF074617F0030569
:1097800003D16846FFF71BFFC51C3C090F2C92D183
:109790006846FFF714FF00F10F048CE7012000F08A
:1097A00001B8000080B5AFF30080024A1100182014
:1097B000ABBEFBE72600020030BF704738B5E6F7C6
:1097C0003DFCE9F70FF9E8F7B2F8044604F00C00A5
:1097D0000C2849D0600721D4E9F79BFB05460121FD
:1097E0000120E8F7B7F82349096801FB05F2904228
:1097F00014D28220B0FBF1F01F4C291A04F10C00A6
:10980000E8F762F804F10C00E8F762F80120E8F7E5
:1098100054FA04F10C00E9F7DDFB27E0200723D41C
:109820001648E8F7D9FF0428FAD0E206144900D414
:1098300018B9086840F0010002E0086840084000DC
:109840000860104C1048114D016841F0030101609F
:10985000202021688969884728682068806B8047B4
:1098600001202860286801E0FFF7A6FFBDE831402D
:10987000E6F7E8BB14A001001809002000400340EF
:109880008C210840B8010010242208402C200940F7
:10989000010002D14FF448507047088949890818DF
:1098A00080B27047704710B54389D20119B10229BF
:1098B0000BD14FF4A06292B20A215A244A4304FB0E
:1098C00003236422B3FBF2F2428110BD10B5020003
:1098D0004FF6FF7004D10A000CD04FF4207303E060
:1098E00053890C0008BF1189421A9A42B4BF01463D
:1098F000591888B210BD10B5428A4C8A120AB2EBD0
:10990000142F01D062B90AE00A7D037D934202D090
:109910009A4205DB03E0828B8B8B9A4200D3084688
:1099200010BDF8B504460D466668FFF7B1FF07465F
:109930002846FFF7ADFF0146B069844218BF854253
:1099400007D101F1C0029742BCBFA1F1C002BA42E7
:1099500003DB8F42A8BF2C462046F2BD018801F4EC
:109960007F410180704700000A0880800F088080D6
:10997000002007C0042007C0034007C0074005C0FF
:10998000012000C0150880800C0880800D008080B8
:109990000E00C08014008080024000801600C0804D
:1099A0000B40008017400080184000801940008064
:1099B0001B4000801C4000801D00C0801E000080F5
:1099C000134000801240008011400080FE00000023
:1099D000FF0000000000000000000000BD97010033
:1099E000A11E00000101010000200040070000004E
:1099F00011000000FF00000000000000050600004C
:109A0000709F0100D8390020E89901000000000093
:109A10000000000000000000004002400B000000B9
:109A200027000000FF000000683E0020189A010097
:109A30000000000000000000FFFF0000322E303365
:109A40002056616C69640000322E30342043686116
:109A50006E67656400000000322E303520436F6E63
:109A600074656E7400000000426164205265717577
:109A700065737400426164204F7074696F6E0000FA
:109A80004E6F7420466F756E640000004D657468FB
:109A90006F64204E6F7420416C6C6F7765640000BA
:109AA0005265717565737420456E746974792054BC
:109AB0006F6F204C6172676500000000536572761D
:109AC00069636520556E617661696C61626C6500E1
:109AD0007B756E6B6E6F776E2D696E7374616E63DE
:109AE000652D6E616D657D007B656D7074792D6986
:109AF0006E7374616E63652D6E616D657D0000002F
:109B00007B7374617469632D696E7374616E6365D0
:109B10002D6E616D657D0000DC0D0020280A00209F
:109B2000480A0020680A0020C4050020140600200E
:109B3000A80A002064060020B406002004070020C4
:109B400010B5154C20212046EBF778FA0120A074BF
:109B500004210B20E074E17602202077FB21002015
:109B6000A0752180012041F28831E0752076607671
:109B7000A076A1804FF6FF70782160812181E0817D
:109B80000021FF2061806077A07742F2230101204D
:109B9000A181E180208210BDF4420020010001017A
:109BA00001010101010100000000090002000202A0
:109BB0000202000000000000000005000300020295
:109BC000020202020202000000000900000000FF81
:109BD000010000FF020000FF050000FF030000FF7E
:109BE00001020304050607111213141516000000E4
:109BF00010B5F6F7B7FC04000BD0F0F704FC40B941
:109C00002046F5F74CFC20B92046BDE81040F6F799
:109C10007BBA10BDF0F7A2BCF0F7BDBCF5F7B1BC44
:109C2000F6F77FBAF6F7F0BCF6F7F9BCF6F74CBDDD
:109C3000F6F739BEF6F7BBBE19E050F8042BD30790
:109C400044BFA9F101039A18091F0023042942F80F
:109C5000043BF9D25FEA817C134604D54FF0000C37
:109C6000A2F800C09B1CC90744BF0021197050F81E
:109C7000041B0029E1D170476C6F776D61632D740F
:109C800073636800789C0100F19B01001D9C01003A
:109C9000219C0100159C0100199C0100259C0100DC
:109CA000299C01002D9C0100319C0100359C010084
:109CB000DFF800F055C00110FEE780B50848E8F76E
:109CC000D8FA05F03FFB0020EEF7F0FEEEF708FDB6
:109CD000EEF702FDFFF734FFBDE80140FFF7E8BFF4
:109CE0006899010010B5074979441831064C7C4445
:109CF000163404E00A68081D114488470146A14251
:109D0000F8D110BD70000000E40100007FC8011010
:109D1000C9BC011051B2011037C20110BDAD011014
:109D2000C1B1011071BA011069BB011021C001104D
:109D300010B500F00FF8040009D0ECF7FBFE204648
:109D4000F7F7DFF92046BDE81040F6F709BF10BD70
:109D5000F7F785B80548064A0021017080F88110A0
:109D600000F184010A6000220A717047281C00116A
:109D7000FFFF0100C5FEFFFFC41C00002803001107
:109D800038000000C8000020FC360000680E0020EB
:109D90004C05000064450020000000008BF8FFFF28
:109DA0000200000002000000DF0200001B000000B3
:109DB000780100202C0000006FF8FFFF0200000077
:109DC00002000000C967FEFF03000000EC01002054
:109DD0000400000053F8FFFF020000000200000032
:109DE0003167FEFF03000000F001002008000000C2
:109DF00037F8FFFF02000000020000006F020000C1
:109E00001C000000A4010020240000001BF8FFFF3C
:109E100002000000020000008A0200000C000000A6
:109E2000C80100201C000000FFF7FFFF0200000037
:109E3000020000001A0200001D00000000010020C6
:109E400044000000E3F7FFFF0200000002000000F2
:109E5000670200000600000000020020040000006D
:109E6000C7F7FFFF020000000200000051020000DF
:109E700003000000F801002008000000ABF7FFFF1E
:109E80000200000002000000A40100002200000007
:109E900044010020340000008FF7FFFF02000000A3
:109EA000020000000A02000009000000E401002096
:109EB0000800000073F7FFFF02000000020000002E
:109EC0002B03000069030000080200205F0C000063
:109ED00057F7FFFF0200000002000000E40100004D
:109EE0002B01000000000011260300006E686C2D9D
:109EF0007473636800000000EC9E010097B10000DD
:109F0000CBB10000C9B10000D1B10000DFF800F012
:109F100059C501100548012808BFFEF735BC704738
:109F20000348012808BFFFF7F1BF70470100000098
:109F30000100000075706D61632D383032313534A9
:109F400065000000349F0100319D0100519D01001A
:109F500000F00BF8002803D0FFF7C4FEFFF7E0FF86
:109F60000020FFF7AAFEFEF7A7FB012070470000C4
:109F700089060000F9060000D1070000450C00002A
:109F80004F0C00001F10000000B581B0FFF7C2FFAA
:109F9000AFF3008001B05DF804EBFFF7D9BF00001C
:109FA00044F6E070C2F20000854649F68970C0F2BE
:109FB00001008047FEE700000100000000000000F3
:109FC0000000000000000100000000000000000090
:109FD00000000000FFFFFFFFFFFFFFFF0000000089
:109FE00045B501103188010099A6011019B801107A
:109FF000727400006966000072656C0071190000DF
:10A00000973200001DF00100000000002000000059
:10A01000000020000A000000C80A0020E00006003E
:10A02000000000000000000000000000120001100D
:10A0300003504500202804122C04211043E04A0854
:10A04000110170052001010000B83A1031018301AF
:10A05000000192060CD003E00C00200001435C0ECE
:10A060001420023401002004523C0422000150025A
:10A070006CDC0200015003340C0020030D0006B913
:10A08000870100018801005200011007500B0020D9
:10A09000800C00200111C30100011003280A0020D8
:10A0A000C804F3010100012002B00C0020171200C7
:10A0B000010002500B0020000208000000520001C5
:10A0C0001007010000009C9B0100CC0412E004F08A
:10A0D0001293A0A1A2A3A4A5A6A7A8A9AAABACADC0
:10A0E000AEAF03050D000161C0B1AF60010600FF16
:10A0F00001520101F147CDF40A7714000F00441F0B
:10A100000011CC4600203112438910033C9A010013
:10A1100044081248081245081258081280081268AC
:10A120000812820812740812840812800812850826
:10A13000128C08128D0812A00812A308F719BC9AF5
:10A140003352082A1407F849002008000A00A41016
:10A1500047484A1012281012B0101007DC170011DF
:10A1600004000200DE0C1003F80000203C0C12E09A
:10A170000C1003B41C0011F40C12E20C1003F415C3
:10A18000001138302274181002110011185A129858
:10A19000481003E8480020282412E41812A864207C
:10A1A00002E00200115C12182C22985010024700A5
:10A1B00020240C12800C436C191C2101522409101C
:10A1C0000764450020B4000400C4209002E40E009F
:10A1D00011DA174086C0125418100728030011C660
:10A1E000000500A87053040B240202220001F001B4
:10A1F000FF01FF0001F10101F416950807800048F6
:10A200000860042003E80398089001C0006009A0DA
:10A210001010273B400C24001900C8430020E81A06
:10A220000020FC03041203BB5208BF520408128032
:10A23000092002680E00200FF301B1E0DCD2011307
:10A24000200248040020042140D2104C1200614337
:10A25000E0254CE3DDF03AF1014C12944821041260
:10A260000518E22098214C421E17F311CFA0981236
:10A27000E0482104830200447198110943E8164C18
:10A28000F31131804C20022C050020042118E20239
:10A290004C111143802B4CF311D12DE4127848213D
:10A2A000048300001C714C111143E8371CE0020BC1
:10A2B000C201104DF1015E413CA1E040041042009A
:10A2C00020DC050452E404A16C12F810B2F814204A
:10A2D0000404000C06002004210F2910520A2C212E
:10A2E0000813203CFC420604523404A150124810CA
:10A2F000B2481410010A005C10925C5061C9210838
:10A300004004E83600207C0604528404A1501298D0
:10A3100010B2981410011000AC1092AC1469B42162
:10A32000084004E83E0020CC060452D404A1501298
:10A33000E810B2E81410010800FC10F206FC5040CE
:10A3400004683F00201C0704522404A15012381056
:10A35000B23814100108004C10524C142101F001C5
:10A360004865B300019301285C70010100B40EF050
:10A37000020903FF186477F22B0192D2023DA30277
:10A380000884215BF005FF3093980B00200001F159
:10A390007E016905FA0A010E1403AF1F00001DCAF1
:10A3A000436F1F24F40401480A00209C01DC43EFA2
:10A3B0000F45126820F301280A2043B96B12128856
:10A3C0001CF202482043E5FB1212A81CF20268208E
:10A3D0004359AD1212C81CF20288204369B1122100
:10A3E0009C2144CB0100E5FB0D0F308E1E08A80414
:10A3F000F80429A4440020A440B810030A0880806F
:10A400000F0452FE41A18043C5A70D77198876C07D
:10A410000500AC0D0020C5A76E61106108100B3857
:10A420004035002D400140028460005D08102B0083
:10A43000F80118A384070083057EA40306E0EA233D
:10A44000060100A388020083880F00DC502B004324
:10A45000020005C382200063800100FF01515EF20B
:10A460002704D49E40ED0341BA1C0201002C0C00CD
:10A47000061104F1031C12481897480C44D95CD00B
:10A4800007074000C00C08C080FE911280342104F0
:10A49000833F2F19ADF807610152D85C12B0082133
:10A4A0000452B80452C00452C80452D00452D80412
:10A4B00052E00452E80452F00452F80443000D0440
:10A4C0005208046177F60E3239FD033B03FB019815
:10A4D00032441003A5980100A7041003239901003A
:10A4E000F70812CD04125D0C2140BE03400577AB86
:10A4F000094EA22C18FE00009A083FD731530930AC
:10A500000200FF00141B5FCC0104075212808E046E
:10A51000CC0661A812E8DC21042E40E80712450CA5
:10A520001E34FC06420D0443040E04520C04521463
:10A5300004521C04522404522C04523404523C048D
:10A54000524404524C04217321782DE008298C00D8
:04A5500001010314EE
:10F000002D49C20744BF00220A60820744BF002284
:10F010000A62400744BF002008647047F1F71DB939
:10F0200070B5264C264D274A00202060242101205F
:10F03000E061E862E86A286820F47060286000F007
:10F0400045F8012013681E68B047012020600220A7
:10F05000FFF7D6FF4FF48070686070BD10B5E4F71D
:10F06000EDF90446E4F7EAF98442F8D1204610BDF0
:10F0700070B50646E1F7CEFA0446114D4FF48070A4
:10F0800068600220FFF7BCFF0E4AEE61242113687E
:10F090001E680120B0470C4901200860074900F0B4
:10F0A00015F8286820F47060286001200860204668
:10F0B000BDE87040E1F7B2BA800224430000244367
:10F0C0000020094084010010A0022443286820F495
:10F0D000E02040F440302860704700002DE9FC41FA
:10F0E00091490220E7F707FF90490120E7F703FF66
:10F0F000ECF795F811E0A81CEBF7ABFCEAF78CFEF7
:10F10000EBF7C1FB03E000F0B7F8EBF7ADFF2846E3
:10F11000F3F7E6FC0220EFF7D1F9854800680023F9
:10F120004FF0FF326946E9F70FF90220EFF7BCF91B
:10F13000009D05F1C20630780028E8D12978491EE3
:10F140001629E4D8DFE801F01F0C22298560658EBE
:10F150006B0F708A7B93800E0D74781B1713100051
:10F16000D5E7CBE7CFE7C6E7ECF704F8CFE7A81C75
:10F17000F0F75EFDCBE7A81CF0F739FDC7E7A81C48
:10F18000ECF790F8C3E7EBF717FCC0E769480168B4
:10F190000029BCD0A81C8847B9E715F142011CBF63
:10F1A00068780028B3D00024A91C05F1380719D0CD
:10F1B0003878002804BFB978022913D1EA7EA87EE6
:10F1C00040EA0220E9F74DFB052880460ADAE9F714
:10F1D0005FFB7978884208BF01244046E9F764FB69
:10F1E000002C94D10C20E7F77AFF0028C5F8060020
:10F1F00009D06A7805F14201E7F7B1FF7088F8801D
:10F20000A81CEEF7AFFD82E700F036F8EBF722FC22
:10F210007DE7697805F14200EBF759FC77E700F0EC
:10F220002BF8EBF755FC69E7A81CEBF73AFD6EE706
:10F23000A81CEBF737FD6AE7EBF7E1FF67E700F0A3
:10F240001BF8EBF79DFC62E700F016F8EBF7E6FC25
:10F250005DE700F011F8EBF72BFD58E7A81CEBF782
:10F2600088FD54E700F008F8EBF7FEFD4FE700F0EB
:10F2700003F8EBF77BFE4AE76A7805F14201A81C28
:10F2800070471CB58DF8000000232B4C206800222D
:10F290006946E9F749F818B928484188491C41806E
:10F2A00013BDF8B50C0018BF14F1010F0546164642
:10F2B0000ED0E1F7AFF90746FFF7D0FEA419241AE4
:10F2C0004FBF00241E484443240C3846E1F7A6F9FA
:10F2D00019480068002322466946E9F735F80128F5
:10F2E00007D19DF80000A84201D10020F2BD022004
:10F2F000F2BD0120F2BDF8B50F48104F046820465A
:10F30000E3F791FE85B200260AE000230022694659
:10F310002046E9F719F810B9B888401CB880761C67
:10F32000B0B2A842F1DBF1BDB51601007D170100B6
:10F33000289B010010450020389B0100802D0020F3
:10F34000A086010010B50F4C04F11001201DE3F759
:10F350004CF8206008B9FF2010BD002010BD094BFB
:10F360001B68012882B00A4602D0022802D006E0BB
:10F370000A2100E00F21184602B0E3F7ADB802B051
:10F3800070470000340B002010B50A4B1C6824F4B1
:10F3900080641C6009021202090CA4B202F47062BB
:10F3A00044EA014442EA0141C0F387101C6008436B
:10F3B000586010BD148002400988018070470088A1
:10F3C0000988884201D00020704701207047000062
:10F3D000C9B2830706D0521E22D310F8013B9942CE
:10F3E000F7D11FE0083A13D302F1040241EA0121E8
:10F3F00041EA014150F8043B121F21BF4B40A3F1E9
:10F40000013C2CEA030C1CF0803FF3D0C9B2001F72
:10F41000083210F8013B521E28BF91EA030FF8D8BA
:10F4200018BF0120401E704700210160704700682E
:10F430007047006808B97047084601680029FBD189
:10F44000704738B504460D4600F01AF800202860D1
:10F450002046FFF7EEFF08B9256031BD056031BDDC
:10F4600038B504460D4600F00BF82068286025608A
:10F4700031BD0246116808001CBF09681160704761
:10F4800002686AB1002301E01346126842B18A4261
:10F49000FAD11168002B0CBF0160196000201060C8
:10F4A0007047002904BF1146FFF7DABF08681060F3
:10F4B0000A60704700B100687047000000E0491E14
:10F4C00021B110F8013B9342F9D1704700207047F9
:10F4D000F8B504460D462768164601E03246A847AF
:10F4E000204600F037F861690028F7D120683F1AFC
:10F4F000C819F2BD00F06CB870B5040088B00D46B4
:10F50000164613D004213046E7F778FE02A8022100
:10F510000190009107A32F222946204600F00EF803
:10F520003246054902A8FFF7D3FF012008B070BD9D
:10F53000000000003F230000F5F4010030B5044650
:10F540000498039D02718360C5600461016000211D
:10F55000416130BD38B5040001D1002032BD616980
:10F560002068401A206022691144002221616261F2
:10F5700028B10A78E168A068FFF7A0FF10B1002069
:10F58000206132BD206922790178914204D1401C6A
:10F5900020612068401E20602569606921688842DA
:10F5A0000FD22878217988420BD015F8012BE16819
:10F5B000A068FFF783FF002802BF6169491C6161F1
:10F5C000EBD0206810B9002121616061206932BD53
:10F5D00030B512E00323D51815F8015CD45C6D0832
:10F5E00045EAC4152C19D4545B1EF4D1137810F8D5
:10F5F000014B04EBC314E31813700B46591E002B88
:10F60000E8D130BD2821E7F7F9BD70B51C000546EB
:10F61000164606D0084616F8011BA847641EFAD104
:10F620000146084670BD2DE9FC4383B081468846FB
:10F6300017461D4607E001233A4641464846FFF774
:10F64000E4FF80467F1C3878E0B12528F3D1797833
:10F65000BF1C252912D058295AD0632915D06429F6
:10F6600018BF692918D06F2952D0702956D0732934
:10F670005BD0752918BF78294AD0E4E74046C847CF
:10F680008046E0E705B0BDE8F0832868286050F8C0
:10F69000041B2860C9B2F1E72868286050F8046BA1
:10F6A0002860002E03D52D214046C847804664219E
:10F6B0006F2908BF082205D041F02000782814BF28
:10F6C0000A2210220B246429304602D1002E48BFA2
:10F6D0004042B0FBF2FC02FB1C003030641EC3B29F
:10F6E0003A2BA4BFA1F1510318180DF804005FEAEA
:10F6F0000C0001D0002CECDC0DEB0406D4F10B0463
:10F700004046BDD016F8011BC847641EFAD1B7E7C2
:10F710002868286050F8046B2860C9E728682860CA
:10F72000782150F8046B2860C2E72868286050F8F8
:10F73000046B28603046F3F719FA040040469FD066
:10F7400016F8011BC847641EFAD199E7F8B50D4CAD
:10F75000A9B10D4B0D4E18602280712A0C483778E4
:10F760000568A8BF7022A0235F43EB1903F13000A6
:10F77000E5F710FC0420EDF751FAF4F7A4FC0020A3
:10F780002080F1BD400D00205C0D0020380D0020D0
:10F790004C0D00202DE9F8431C0084B00646894634
:10F7A000904617D00C9D684631461022E5F7F2FBD3
:10F7B000778A304621461022E5F7ECFB75824246F7
:10F7C00049463046FFF7C2FF304669461022E5F74A
:10F7D000E1FB778205B0BDE8F0830000016849686D
:10F7E000084738B5124C206810F1010F0FD10020E6
:10F7F0002060104D05E0C968401988472068401C0A
:10F8000020600C212068484341590029F3D131BDC3
:10F81000074A1268904201D30020704709B90FF2DD
:10F820002401044A0C2303FB0020026812691047DC
:10F83000600E0020009A01001021E5F7FFBB02686E
:10F8400052691047000000000000000000000000A6
:10F8500000000000014648B1B0FA80F18840C91CA0
:10F86000C1F58461090501EBD02140057047000016
:10F870002DE9FC4804460D4668004015401C11D196
:10F8800048004015401C05D1090303D020462946F5
:10F89000BDE8FC882946C80F0EBF20460020002185
:10F8A000BDE8FC8825F00043002024F000028342DC
:10F8B00004BF824238496DD025F0004100229142B8
:10F8C000204604DA4FF00043101A63EB0101334B7A
:10F8D000334A0026B34204DA4FF00047B21A67EB0E
:10F8E000030399420DDB01DC90420AD300962246C5
:10F8F0002C482D49284F2B4600F05EF800223B464D
:10F9000046E02046294600F04FF9064600F03AF955
:10F9100002460B462046294600F064F90022234B9C
:10F920009342BCBF4FF0004565EB03030D46002733
:10F930009542044604DA4FF0004B3C1B6BEB050587
:10F94000AB4207DC01DBA24204D2194BF5F7B6FD4E
:10F95000761C15E00B46BB4204DA4FF000453A1A1C
:10F9600065EB0303134DBD42BCBF4FF0004262EB99
:10F970000505AB4204DA0022074BF5F79FFD761E22
:10F980000096084A084B044D00F016F800222B465A
:10F99000F9F7A0FBBDE8FC880000F03FFFFFDF4166
:10F9A0000000C0FFEF39FAFE422EE63F0000E03FC4
:10F9B0000000F0BF0000E0BFB0B581EA030C0CF01E
:10F9C000004C40F2FF7515EA11541DBF15EA13579C
:10F9D000AC42AF4239E0E41923EA455343F48013C3
:10F9E000C90241F0004141EA505EC7021100A7FB85
:10F9F000020200284FF00000EEFB01204FF0000152
:10FA0000E3FB072118BF42F00102401800214941E1
:10FA1000E3FB0E01A4F580640F0302D252004041C3
:10FA2000494154F101046CDD470872F1004250F184
:10FA3000000051EB0451A1F580115CBF41EA0C01BB
:10FA4000B0BD4CEA05510020B0BD05EA1357AC42E9
:10FA500014BFAF4241E050EA410E1CBF52EA430ED0
:10FA600002E061460020B0BD24423C441BD15FEA65
:10FA7000070EF6D0090302BF01460020AEF1140EB6
:10FA8000B1FA81F7AEEB070401FA07FE0C37C7F1B4
:10FA9000200100FA07F7C8404EEA000E23EA45535A
:10FAA00043F48013A2E733F00043B3FA83F704BFB3
:10FAB000B2FA82FE77440B3FE41BB7F1200E2FBF52
:10FAC00002FA0EF3BB40C7F1200E22FA0EFE38BF39
:10FAD00043EA0E03BA40641C82E750EA410E14BFA9
:10FAE00052EA430E6FF000014FF4001717EB430F7B
:10FAF0008ABF194617EB410FB5E74CEA05510020C4
:10FB0000B0BDD4F10104B4F120070FDAC4F120072D
:10FB1000520828BF42F0010210FA07F501FA07F770
:10FB2000E1BF2A43E0403843E1400FE0352C98DC48
:10FB3000C7F1200452EA400220FA07F218BF42F04F
:10FB4000010231FA07F0A1400A43002172F100429C
:10FB500050F1000051EB0C01B0BD0000400D491800
:10FB600040EA81200CD2490DA1F58061491C40F08A
:10FB7000004005DBD1F11F0154BFC840C0177047DA
:10FB800000207047C11768B14840401AB0FA80F2AF
:10FB90009040D21CC907C2F5846241EA025202EBCE
:10FBA000D021400570470000C1F30A5340F2FE32F5
:10FBB0009B1A14DDD3F120034FEAE17208DDC9027C
:10FBC00041EA505141F00040D84080185040704701
:10FBD00003F2E13010B1D24382F0004070470020C0
:10FBE0007047000070B44FF0004591EA030F75F5BF
:10FBF0006DAC6B40841A71EB030603D2001BB1415C
:10FC0000121973414FF4001C1CEB410F34BF7CEB05
:10FC1000430442E00C0DA4EB1356352E4FDC45EAAD
:10FC2000C323DB0A45EAC121C912B6F120050DDD67
:10FC300063FA05F6EB4086EA0305124218BF45F069
:10FC40000105C01851F100010CD213E062FA06F56B
:10FC5000F2405540F3415A40B340F3405A408018B7
:10FC6000594107D349085FEA30005FEA350528BFEC
:10FC700045F0010501F58011420875F1004250F18F
:10FC8000000041EB04514E0016F5001F70BC38BF58
:10FC900070470020090D090570471CEB410F10D279
:10FCA00052EA43060BD0BCEB410F05D80C0DAB4319
:10FCB000661E342EB6DD02E0AB438018594170BC9D
:10FCC000704770BC7047000010B5FF2313EAD05492
:10FCD0001DBF13EAD1529C429A4239E0A41ADA07B6
:10FCE00080EA0103134042EA012142EA0020421A5D
:10FCF0003CBF641E01EB4202090AB2FBF1FE01FBAC
:10FD00001E221202B2FBF1F001FB10226EF30F2053
:10FD10001202B2FBF1FE4EEA00207F3406DDFE2C1B
:10FD200024DA53EA500050EBC45010BDD4F1020461
:10FD300001FB1E2240F08071192C1DDC21FA04F019
:10FD4000C4F12004A140114371F10042584110BD9B
:10FD50009C421ABF03EAD1529A420FE080EA010E98
:10FD60000EF00043400004D0490016D143F0FF409C
:10FD700010BD490008BFD343180010BD9C4205D1F7
:10FD8000D21AF7D001F00041484010BD4A0212BF1C
:10FD90000846484000F0004010BD4AB90902B1FAD7
:10FDA00081F2914044B1A418C00140F000409EE7A8
:10FDB000C90141F0004152420002B0FA80F4A04073
:10FDC000141B94E7C0F3C7517E390EDDC217D1F181
:10FDD000200106DD000240F00040C84010445040C1
:10FDE0007047D04380F0004070470020704710B546
:10FDF00004466160FFE7F2F791FE206010BD10B588
:10FE00000446F2F78BFE2168F2F795FE6168401C0C
:10FE100081428041C00F10BD4FF4001C1CEB410F0C
:10FE200094BF1CEB430F09E041EA030C50EA4C0C71
:10FE300052EA0C0C03D2994208BF9042704714BF9B
:06FE40008B428242704774
:10FFA80000008001100082FFF9FF58003AFFBFF3FC
:10FFB800FFFFFFFFFFFFFFFFFFFFFFFFFFFFFFFF49
:10FFC800FFFFFFFFFFFFFFFFFFFFFFFFFFFFFFFF39
:10FFD800C50BFEC5FFFFFFFFC5FFFFFFC5C5C5FF7A
:10FFE800C5C5C5FF00000000FFFFFFFFFFFFFFFFC3
:08FFF800FFFFFFFFFFFFFFFF09
:0400000500019FA1B6
:00000001FF
